fighter,date_of_birth,tuf,r2ufc,dwcs,pride,sf,wec,bmf,hof,country,gender,weightclass,current_rank,rank_flag,current_p4p,p4p_flag,peak_rank,peak_p4p,bouts,wins,win_types,losses,loss_types,streak,best_streak,bonus,slot,elo,peak_elo,opp_elo,debut,debut_result,prev_bout,prev_result,next_date,next_opp
Islam Makhachev,1991-10-27,FALSE,FALSE,FALSE,FALSE,FALSE,FALSE,FALSE,NA,Russia,male,"welterweight, lightweight",-1,NA,1,NA,-1,1,18,17,3 KO 8 Sub 6 Dec,1,1 KO 0 Sub 0 Dec,16,16,6,3.8,3780,3780,3097,2015-05-23,W - Leo Kuntz,2025-11-15,W - Jack Della Maddalena,2026-08-15,Ian Machado Garry
Justin Gaethje,1988-11-14,FALSE,FALSE,FALSE,FALSE,FALSE,FALSE,TRUE,NA,United States,male,lightweight,-1,NA,4,NA,-1,4,16,11,7 KO 0 Sub 4 Dec,5,3 KO 2 Sub 0 Dec,3,4,17,1.7,3624,3624,3287,2017-07-07,W - Michael Johnson,2026-06-14,W - Ilia Topuria,NA,NA
Charles Oliveira,1989-10-17,FALSE,FALSE,FALSE,FALSE,FALSE,FALSE,TRUE,NA,Brazil,male,lightweight,3,NA,15,NA,-1,3,37,25,4 KO 17 Sub 4 Dec,11,5 KO 4 Sub 2 Dec,2,11,21,3.5,3588,3636,3010,2010-08-01,W - Darren Elkins,2026-03-07,W - Max Holloway,NA,NA
Petr Yan,1993-02-11,FALSE,FALSE,FALSE,FALSE,FALSE,FALSE,FALSE,NA,Russia,male,bantamweight,-1,NA,3,NA,-1,3,16,12,4 KO 0 Sub 8 Dec,4,0 KO 0 Sub 3 Dec,4,7,5,3.5,3532,3532,3059,2018-06-23,W - Teruto Ishihara,2025-12-06,W - Merab Dvalishvili,NA,NA
Khamzat Chimaev,1994-05-01,FALSE,FALSE,FALSE,FALSE,FALSE,FALSE,FALSE,NA,"United Arab Emirates, Russia, Sweden",male,middleweight,1,NA,12,NA,-1,3,10,9,2 KO 4 Sub 3 Dec,1,0 KO 0 Sub 1 Dec,-1,9,7,3.2,3525,3617,3148,2020-07-15,W - John Phillips,2026-05-09,L - Sean Strickland,NA,NA
Ciryl Gane,1990-04-12,FALSE,FALSE,FALSE,FALSE,FALSE,FALSE,FALSE,NA,France,male,heavyweight,0,NA,10,NA,0,10,14,11,5 KO 2 Sub 4 Dec,2,0 KO 1 Sub 1 Dec,1,7,5,2.6,3514,3514,3154,2019-08-10,W - Raphael Pessoa,2026-06-14,W - Alex Pereira,NA,NA
Ilia Topuria,1997-01-21,FALSE,FALSE,FALSE,FALSE,FALSE,FALSE,FALSE,NA,"Georgia, Spain",male,"lightweight, featherweight",1,NA,5,NA,-1,1,10,9,6 KO 1 Sub 2 Dec,1,1 KO 0 Sub 0 Dec,-1,9,7,3.7,3501,3645,3169,2020-10-10,W - Youssef Zalal,2026-06-14,L - Justin Gaethje,NA,NA
Sean Strickland,1991-02-27,FALSE,FALSE,FALSE,FALSE,FALSE,FALSE,FALSE,NA,United States,male,middleweight,-1,NA,7,NA,-1,7,25,18,5 KO 1 Sub 12 Dec,7,2 KO 0 Sub 5 Dec,2,6,5,4.5,3479,3479,2978,2014-03-15,W - Bubba McDaniel,2026-05-09,W - Khamzat Chimaev,NA,NA
Kamaru Usman,1987-05-11,TRUE,FALSE,FALSE,FALSE,FALSE,FALSE,FALSE,NA,"Nigeria, United States",male,"middleweight, welterweight",9,NA,16,NA,-1,1,19,16,4 KO 1 Sub 11 Dec,3,1 KO 0 Sub 2 Dec,1,15,6,2.8,3478,3722,3165,2015-07-12,W - Hayder Hassan,2025-06-14,W - Joaquin Buckley,2026-07-18,Dricus Du Plessis
Carlos Ulberg,1990-11-07,FALSE,FALSE,TRUE,FALSE,FALSE,FALSE,FALSE,NA,"New Zealand, Samoa",male,light heavyweight,-1,NA,16,NA,-1,14,11,10,6 KO 1 Sub 3 Dec,1,1 KO 0 Sub 0 Dec,10,10,5,5.7,3477,3477,2909,2021-03-06,L - Kennedy Nzechukwu,2026-04-11,W - Jiri Prochazka,NA,NA
Shavkat Rakhmonov,1994-10-23,FALSE,FALSE,FALSE,FALSE,FALSE,FALSE,FALSE,NA,Kazakhstan,male,welterweight,16,NA,16,NA,2,15,7,7,1 KO 5 Sub 1 Dec,0,0 KO 0 Sub 0 Dec,7,7,3,4.3,3464,3464,3075,2020-10-24,W - Alex Oliveira,2024-12-07,W - Ian Machado Garry,NA,NA
Carlos Prates,1993-08-17,FALSE,FALSE,TRUE,FALSE,FALSE,FALSE,FALSE,NA,Brazil,male,welterweight,2,NA,16,NA,2,16,8,7,7 KO 0 Sub 0 Dec,1,0 KO 0 Sub 1 Dec,3,4,7,3.8,3463,3463,3075,2024-02-10,W - Trevin Giles,2026-05-02,W - Jack Della Maddalena,NA,NA
Merab Dvalishvili,1991-01-10,FALSE,FALSE,FALSE,FALSE,FALSE,FALSE,FALSE,NA,"Georgia, United States",male,bantamweight,1,NA,9,NA,-1,2,17,14,1 KO 1 Sub 12 Dec,3,0 KO 1 Sub 2 Dec,-1,14,5,4.9,3462,3625,3053,2017-12-09,L - Frankie Saenz,2025-12-06,L - Petr Yan,NA,NA
Arman Tsarukyan,1996-10-11,FALSE,FALSE,FALSE,FALSE,FALSE,FALSE,FALSE,NA,"Armenia, Russia",male,lightweight,2,NA,14,NA,1,13,12,10,4 KO 1 Sub 5 Dec,2,0 KO 0 Sub 2 Dec,5,5,6,3.5,3460,3460,3026,2019-04-20,L - Islam Makhachev,2025-11-22,W - Dan Hooker,NA,NA
Nassourdine Imavov,1996-03-01,FALSE,FALSE,FALSE,FALSE,FALSE,FALSE,FALSE,NA,"France, Russia",male,middleweight,3,NA,16,NA,1,16,12,9,4 KO 0 Sub 5 Dec,2,0 KO 0 Sub 2 Dec,5,5,1,3.8,3454,3454,3007,2020-10-03,W - Jordan Williams,2025-09-06,W - Caio Borralho,NA,NA
Ian Machado Garry,1997-11-17,FALSE,FALSE,FALSE,FALSE,FALSE,FALSE,FALSE,NA,"Brazil, Ireland",male,welterweight,1,NA,16,NA,1,16,11,10,3 KO 0 Sub 7 Dec,1,0 KO 0 Sub 1 Dec,2,8,1,4.8,3453,3453,3061,2021-11-06,W - Jordan Williams,2025-11-22,W - Belal Muhammad,2026-08-15,Islam Makhachev
Alexander Volkanovski,1988-09-29,FALSE,FALSE,FALSE,FALSE,FALSE,FALSE,FALSE,NA,Australia,male,featherweight,-1,NA,2,NA,-1,1,18,15,5 KO 0 Sub 10 Dec,3,2 KO 0 Sub 1 Dec,2,12,6,3,3451,3598,3163,2016-11-26,W - Yusuke Kasuya,2026-02-01,W - Diego Lopes,NA,NA
Dricus Du Plessis,1994-01-14,FALSE,FALSE,FALSE,FALSE,FALSE,FALSE,FALSE,NA,South Africa,male,middleweight,2,NA,16,NA,-1,4,10,9,4 KO 2 Sub 3 Dec,1,0 KO 0 Sub 1 Dec,-1,9,4,4,3430,3538,3176,2020-10-10,W - Markus Perez,2025-08-16,L - Khamzat Chimaev,2026-07-18,Kamaru Usman
Tom Aspinall,1993-04-11,FALSE,FALSE,FALSE,FALSE,FALSE,FALSE,FALSE,NA,"United Kingdom, England",male,heavyweight,-1,NA,6,NA,-1,6,10,8,6 KO 2 Sub 0 Dec,1,1 KO 0 Sub 0 Dec,0,5,7,3.1,3424,3424,3059,2020-07-25,W - Jake Collier,2025-10-25,NC - Ciryl Gane,NA,NA
Umar Nurmagomedov,1996-01-03,FALSE,FALSE,FALSE,FALSE,FALSE,FALSE,FALSE,NA,Russia,male,bantamweight,3,NA,16,NA,1,16,9,8,1 KO 2 Sub 5 Dec,1,0 KO 0 Sub 1 Dec,2,6,3,5.4,3418,3418,3067,2021-01-20,W - Sergey Morozov,2026-01-24,W - Deiveson Figueiredo,2026-07-25,David Martinez
Sean Brady,1992-11-23,FALSE,FALSE,FALSE,FALSE,FALSE,FALSE,FALSE,NA,United States,male,welterweight,6,NA,16,NA,1,16,11,9,0 KO 4 Sub 5 Dec,2,2 KO 0 Sub 0 Dec,1,5,3,5.8,3418,3485,3112,2019-10-18,W - Court McGee,2026-05-09,W - Joaquin Buckley,NA,NA
Michael Morales,1999-06-24,FALSE,FALSE,TRUE,FALSE,FALSE,FALSE,FALSE,NA,"Ecuador, Mexico",male,welterweight,3,NA,16,NA,3,16,7,7,5 KO 0 Sub 2 Dec,0,0 KO 0 Sub 0 Dec,7,7,3,4.1,3417,3417,2989,2022-01-22,W - Trevin Giles,2025-11-15,W - Sean Brady,NA,NA
Movsar Evloev,1994-02-11,FALSE,FALSE,FALSE,FALSE,FALSE,FALSE,FALSE,NA,Russia,male,featherweight,1,NA,16,NA,1,16,10,10,0 KO 0 Sub 10 Dec,0,0 KO 0 Sub 0 Dec,10,10,1,6.4,3412,3412,2917,2019-04-20,W - SeungWoo Choi,2026-03-21,W - Lerone Murphy,NA,NA
Sean O'Malley,1994-10-24,FALSE,FALSE,TRUE,FALSE,FALSE,FALSE,FALSE,NA,United States,male,bantamweight,2,NA,16,NA,-1,5,16,12,7 KO 0 Sub 5 Dec,3,1 KO 1 Sub 1 Dec,2,4,9,3,3409,3409,3013,2017-12-01,W - Terrion Ware,2026-06-14,W - Aiemann Zahabi,NA,NA
Magomed Ankalaev,1992-06-02,FALSE,FALSE,FALSE,FALSE,FALSE,FALSE,FALSE,NA,Russia,male,light heavyweight,1,NA,16,NA,-1,5,16,12,6 KO 0 Sub 6 Dec,2,1 KO 1 Sub 0 Dec,-1,9,4,3.9,3405,3550,3026,2018-03-17,L - Paul Craig,2025-10-04,L - Alex Pereira,2026-07-25,Khalil Rountree Jr.
Max Holloway,1991-12-04,FALSE,FALSE,FALSE,FALSE,FALSE,FALSE,TRUE,NA,United States,male,"welterweight, lightweight",4,NA,16,NA,-1,3,32,23,11 KO 2 Sub 10 Dec,9,1 KO 1 Sub 7 Dec,-1,13,13,2.9,3403,3573,3046,2012-02-04,L - Dustin Poirier,2026-03-07,L - Charles Oliveira,2026-07-11,Conor McGregor
Alexander Volkov,1988-10-24,FALSE,FALSE,FALSE,FALSE,FALSE,FALSE,FALSE,NA,Russia,male,heavyweight,2,NA,16,NA,2,16,19,14,6 KO 1 Sub 7 Dec,5,1 KO 1 Sub 3 Dec,2,4,3,2.3,3390,3390,3052,2016-11-19,W - Tim Johnson,2026-05-09,W - Waldo Cortes-Acosta,NA,NA
Valentina Shevchenko,1988-03-07,FALSE,FALSE,FALSE,FALSE,FALSE,FALSE,FALSE,NA,"Kyrgyzstan, Peru",female,women's flyweight,-1,NA,1,NA,-1,1,19,15,4 KO 2 Sub 9 Dec,3,0 KO 1 Sub 2 Dec,3,9,3,2.2,3388,3388,2893,2015-12-19,W - Sarah Kaufman,2025-11-15,W - Zhang Weili,NA,NA
Alex Pereira,1987-07-07,FALSE,FALSE,FALSE,FALSE,FALSE,FALSE,FALSE,NA,Brazil,male,"heavyweight, light heavyweight",3,NA,8,NA,-1,2,13,10,8 KO 0 Sub 2 Dec,3,2 KO 0 Sub 1 Dec,-1,5,7,2.1,3385,3526,3283,2021-11-06,W - Andreas Michailidis,2026-06-14,L - Ciryl Gane,NA,NA
Joshua Van,2001-10-10,FALSE,FALSE,FALSE,FALSE,FALSE,FALSE,FALSE,NA,"Myanmar, United States",male,flyweight,-1,NA,11,NA,-1,9,11,10,4 KO 0 Sub 6 Dec,1,1 KO 0 Sub 0 Dec,7,7,2,7.2,3375,3375,2858,2023-06-24,W - Zhalgas Zhumagulov,2026-05-09,W - Tatsuro Taira,NA,NA
Magomedrasul Gasanov,1994-11-23,FALSE,FALSE,FALSE,FALSE,FALSE,FALSE,FALSE,NA,Russia,male,middleweight,16,NA,16,NA,16,16,0,NA,NA,NA,NA,NA,NA,0,NA,3360,NA,3207,NA,NA,NA,NA,2026-07-25,Abubakar Vagaev
Gabriel Bonfim,1997-08-20,FALSE,FALSE,TRUE,FALSE,FALSE,FALSE,FALSE,NA,Brazil,male,welterweight,5,NA,16,NA,5,16,8,7,1 KO 3 Sub 3 Dec,1,1 KO 0 Sub 0 Dec,5,5,3,4.2,3352,3352,2993,2023-01-21,W - Mounir Lazzez,2026-06-06,W - Belal Muhammad,NA,NA
Benoit Saint Denis,1995-12-18,FALSE,FALSE,FALSE,FALSE,FALSE,FALSE,FALSE,NA,France,male,lightweight,5,NA,16,NA,5,16,12,9,5 KO 4 Sub 0 Dec,3,2 KO 0 Sub 1 Dec,4,5,6,4.9,3347,3347,2991,2021-10-30,L - Elizeu Zaleski dos Santos,2026-02-01,W - Dan Hooker,2026-07-11,Paddy Pimblett
Michael Page,1987-04-07,FALSE,FALSE,FALSE,FALSE,FALSE,FALSE,FALSE,NA,"United Kingdom, England",male,"welterweight, middleweight",13,NA,16,NA,9,16,5,4,0 KO 0 Sub 4 Dec,1,0 KO 0 Sub 1 Dec,3,3,0,3.4,3317,3317,3098,2024-03-09,W - Kevin Holland,2026-03-21,W - Sam Patterson,NA,NA
Aljamain Sterling,1989-07-31,FALSE,FALSE,FALSE,FALSE,FALSE,FALSE,FALSE,NA,"Jamaica, United States",male,featherweight,4,NA,16,NA,-1,6,23,18,2 KO 4 Sub 11 Dec,5,2 KO 0 Sub 3 Dec,2,9,1,5.4,3310,3503,3011,2014-02-22,W - Cody Gibson,2026-04-25,W - Youssef Zalal,NA,NA
Brendan Allen,1995-12-28,FALSE,FALSE,TRUE,FALSE,FALSE,FALSE,FALSE,NA,"Brazil, Canada, United States",male,middleweight,4,NA,16,NA,4,16,19,15,2 KO 7 Sub 6 Dec,4,2 KO 0 Sub 2 Dec,3,7,5,4.7,3309,3309,2953,2019-10-18,W - Kevin Holland,2026-06-06,W - Edmen Shahbazyan,NA,NA
Jack Della Maddalena,1996-09-10,FALSE,FALSE,TRUE,FALSE,FALSE,FALSE,FALSE,NA,Australia,male,welterweight,4,NA,16,NA,-1,7,10,8,4 KO 1 Sub 3 Dec,2,1 KO 0 Sub 1 Dec,-2,8,6,3,3298,3451,3099,2022-01-22,W - Pete Rodriguez,2026-05-02,L - Carlos Prates,NA,NA
Manel Kape,1993-11-14,FALSE,FALSE,FALSE,FALSE,FALSE,FALSE,FALSE,NA,"Angola, Portugal",male,flyweight,2,NA,16,NA,2,16,11,8,6 KO 0 Sub 2 Dec,3,0 KO 0 Sub 3 Dec,4,4,4,5.2,3293,3293,2859,2021-02-06,L - Alexandre Pantoja,2026-06-20,W - Kyoji Horiguchi,NA,NA
Paulo Costa,1991-04-21,TRUE,FALSE,FALSE,FALSE,FALSE,FALSE,FALSE,NA,Brazil,male,"light heavyweight, middleweight",7,NA,16,NA,2,16,12,8,5 KO 0 Sub 3 Dec,4,1 KO 0 Sub 3 Dec,2,5,4,3.5,3292,3292,3062,2017-03-11,W - Garreth McLellan,2026-04-11,W - Azamat Murzakanov,NA,NA
Diego Lopes,1994-12-30,FALSE,FALSE,TRUE,FALSE,FALSE,FALSE,FALSE,NA,"Brazil, Mexico",male,featherweight,2,NA,16,NA,2,16,10,7,4 KO 1 Sub 2 Dec,3,0 KO 0 Sub 3 Dec,1,5,7,3.7,3289,3289,3117,2023-05-06,L - Movsar Evloev,2026-06-14,W - Steve Garcia,NA,NA
Mario Bautista,1993-07-01,FALSE,FALSE,FALSE,FALSE,FALSE,FALSE,FALSE,NA,United States,male,bantamweight,7,NA,16,NA,7,16,14,11,1 KO 4 Sub 6 Dec,3,1 KO 1 Sub 1 Dec,1,8,4,7.1,3282,3319,2887,2019-01-19,L - Cory Sandhagen,2026-02-07,W - Vinicius Oliveira,2026-07-11,Cory Sandhagen
Caio Borralho,1993-01-16,FALSE,FALSE,TRUE,FALSE,FALSE,FALSE,FALSE,NA,Brazil,male,middleweight,5,NA,16,NA,4,16,9,8,1 KO 1 Sub 6 Dec,1,0 KO 0 Sub 1 Dec,1,7,3,2.9,3280,3280,2969,2022-04-16,W - Gadzhi Omargadzhiev,2026-03-07,W - Reinier de Ridder,NA,NA
Yaroslav Amosov,1993-09-09,FALSE,FALSE,FALSE,FALSE,FALSE,FALSE,FALSE,NA,Ukraine,male,welterweight,11,NA,16,NA,10,16,2,2,0 KO 2 Sub 0 Dec,0,0 KO 0 Sub 0 Dec,2,2,1,7,3279,3279,3142,2025-12-13,W - Neil Magny,2026-05-09,W - Joel Alvarez,NA,NA
Jiri Prochazka,1992-10-14,FALSE,FALSE,FALSE,FALSE,FALSE,FALSE,FALSE,NA,Czech Republic,male,light heavyweight,2,NA,16,NA,-1,9,9,6,5 KO 1 Sub 0 Dec,3,3 KO 0 Sub 0 Dec,-1,3,8,2.6,3277,3377,3228,2020-07-11,W - Volkan Oezdemir,2026-04-11,L - Carlos Ulberg,NA,NA
Joe Pyfer,1996-09-17,FALSE,FALSE,TRUE,FALSE,FALSE,FALSE,FALSE,NA,United States,male,middleweight,7,NA,16,NA,6,16,8,7,4 KO 2 Sub 1 Dec,1,0 KO 0 Sub 1 Dec,4,4,5,3.8,3276,3276,2917,2022-09-17,W - Alen Amedovski,2026-03-28,W - Israel Adesanya,NA,NA
Sergei Pavlovich,1992-05-13,FALSE,FALSE,FALSE,FALSE,FALSE,FALSE,FALSE,NA,Russia,male,heavyweight,3,NA,16,NA,1,16,12,9,7 KO 0 Sub 2 Dec,3,2 KO 0 Sub 1 Dec,3,6,4,3.6,3269,3341,2982,2018-11-24,L - Alistair Overeem,2026-05-30,W - Tallison Teixeira,NA,NA
Lerone Murphy,1991-07-22,FALSE,FALSE,FALSE,FALSE,FALSE,FALSE,FALSE,NA,"United Kingdom, England",male,featherweight,3,NA,16,NA,3,16,11,9,3 KO 0 Sub 6 Dec,1,0 KO 0 Sub 1 Dec,-1,9,3,5.2,3263,3317,2930,2019-09-07,D - Zubaira Tukhugov,2026-03-21,L - Movsar Evloev,NA,NA
Cory Sandhagen,1992-04-20,FALSE,FALSE,FALSE,FALSE,FALSE,FALSE,FALSE,NA,United States,male,bantamweight,4,NA,16,NA,2,16,16,11,6 KO 1 Sub 4 Dec,5,0 KO 1 Sub 4 Dec,-1,5,5,3.6,3253,3311,3101,2018-01-27,W - Austin Arnett,2025-10-04,L - Merab Dvalishvili,2026-07-11,Mario Bautista
Mateusz Gamrot,1990-12-11,FALSE,FALSE,FALSE,FALSE,FALSE,FALSE,FALSE,NA,Poland,male,lightweight,8,NA,16,NA,5,16,13,9,3 KO 2 Sub 4 Dec,4,0 KO 1 Sub 3 Dec,1,4,5,4,3253,3309,3052,2020-10-17,L - Guram Kutateladze,2026-04-11,W - Esteban Ribovics,NA,NA
Anthony Hernandez,1993-10-18,FALSE,FALSE,TRUE,FALSE,FALSE,FALSE,FALSE,NA,"Mexico, United States",male,middleweight,6,NA,16,NA,4,16,12,9,2 KO 5 Sub 2 Dec,3,2 KO 1 Sub 0 Dec,-1,8,4,4.2,3241,3375,2911,2019-02-02,L - Markus Perez,2026-02-21,L - Sean Strickland,NA,NA
Leon Edwards,1991-08-25,FALSE,FALSE,FALSE,FALSE,FALSE,FALSE,FALSE,NA,"United Kingdom, England, Jamaica",male,welterweight,8,NA,16,NA,-1,3,20,14,3 KO 1 Sub 10 Dec,5,1 KO 1 Sub 3 Dec,-3,8,2,3.9,3230,3663,3030,2014-11-08,L - Claudio Silva,2025-11-15,L - Carlos Prates,NA,NA
Song Yadong,1997-12-02,FALSE,FALSE,FALSE,FALSE,FALSE,FALSE,FALSE,NA,China,male,bantamweight,5,NA,16,NA,5,16,17,12,5 KO 2 Sub 5 Dec,4,1 KO 0 Sub 3 Dec,1,4,7,3.9,3222,3222,2929,2017-11-25,W - Bharat Khandare,2026-05-30,W - Deiveson Figueiredo,NA,NA
Robert Whittaker,1990-12-20,TRUE,FALSE,FALSE,FALSE,FALSE,FALSE,FALSE,NA,Australia,male,"light heavyweight, middleweight",10,NA,16,NA,-1,8,24,17,6 KO 0 Sub 11 Dec,7,3 KO 1 Sub 3 Dec,-2,9,9,2.5,3220,3446,3044,2012-12-14,W - Brad Scott,2025-07-26,L - Reinier de Ridder,2026-07-11,Nikita Krylov
Yair Rodriguez,1992-10-06,TRUE,FALSE,FALSE,FALSE,FALSE,FALSE,FALSE,NA,Mexico,male,featherweight,5,NA,16,NA,0,16,16,11,4 KO 1 Sub 6 Dec,4,2 KO 1 Sub 1 Dec,1,6,9,2.6,3216,3311,2968,2014-11-15,W - Leonardo Morales,2025-04-12,W - Patricio Freire,NA,NA
Conor McGregor,1988-07-14,FALSE,FALSE,FALSE,FALSE,FALSE,FALSE,FALSE,NA,Ireland,male,"welterweight, lightweight",16,NA,16,NA,-1,2,14,10,8 KO 0 Sub 2 Dec,4,2 KO 2 Sub 0 Dec,-2,7,10,2.3,3215,3370,3116,2013-04-06,W - Marcus Brimage,2021-07-10,L - Dustin Poirier,2026-07-11,Max Holloway
Gregory Rodrigues,1992-02-17,FALSE,FALSE,TRUE,FALSE,FALSE,FALSE,FALSE,NA,Brazil,male,middleweight,12,NA,16,NA,11,16,13,10,7 KO 0 Sub 3 Dec,3,2 KO 0 Sub 1 Dec,3,3,6,5,3212,3212,2845,2021-06-05,W - Dusko Todorovic,2026-03-07,W - Brunno Ferreira,NA,NA
Belal Muhammad,1988-07-09,FALSE,FALSE,FALSE,FALSE,FALSE,FALSE,FALSE,NA,"Palestine, United States",male,welterweight,7,NA,16,NA,-1,5,22,15,2 KO 1 Sub 12 Dec,6,1 KO 0 Sub 5 Dec,-3,6,4,5,3210,3679,3006,2016-07-07,L - Alan Jouban,2026-06-06,L - Gabriel Bonfim,NA,NA
Natalia Silva,1997-02-03,FALSE,FALSE,FALSE,FALSE,FALSE,FALSE,FALSE,NA,Brazil,female,women's flyweight,1,NA,4,NA,1,4,8,8,2 KO 0 Sub 6 Dec,0,0 KO 0 Sub 0 Dec,8,8,2,6.8,3210,3210,2800,2022-06-18,W - Jasmine Jasudavicius,2026-01-24,W - Rose Namajunas,NA,NA
Paddy Pimblett,1995-01-03,FALSE,FALSE,FALSE,FALSE,FALSE,FALSE,FALSE,NA,"United Kingdom, England",male,lightweight,6,NA,16,NA,5,16,8,7,2 KO 3 Sub 2 Dec,1,0 KO 0 Sub 1 Dec,-1,7,6,2.9,3209,3267,2971,2021-09-04,W - Luigi Vendramini,2026-01-24,L - Justin Gaethje,2026-07-11,Benoit Saint Denis
Renato Moicano,1989-05-21,FALSE,FALSE,FALSE,FALSE,FALSE,FALSE,FALSE,NA,Brazil,male,lightweight,10,NA,16,NA,4,16,20,13,2 KO 7 Sub 4 Dec,7,3 KO 2 Sub 2 Dec,1,4,2,4.4,3208,3265,2964,2014-12-20,W - Tom Niinimaki,2026-04-04,W - Chris Duncan,NA,NA
Abubakar Vagaev,1993-04-14,FALSE,FALSE,FALSE,FALSE,FALSE,FALSE,FALSE,NA,Russia,male,middleweight,16,NA,16,NA,16,16,0,NA,NA,NA,NA,NA,NA,0,NA,3207,NA,3360,NA,NA,NA,NA,2026-07-25,Magomedrasul Gasanov
Joaquin Buckley,1994-04-27,FALSE,FALSE,FALSE,FALSE,FALSE,FALSE,FALSE,NA,United States,male,welterweight,10,NA,16,NA,6,16,17,11,8 KO 0 Sub 3 Dec,6,3 KO 0 Sub 3 Dec,-2,6,6,4.5,3204,3405,2949,2020-08-08,L - Kevin Holland,2026-05-09,L - Sean Brady,NA,NA
Erin Blanchfield,1999-05-04,FALSE,FALSE,FALSE,FALSE,FALSE,FALSE,FALSE,NA,United States,female,women's flyweight,4,NA,8,NA,2,4,9,8,0 KO 4 Sub 4 Dec,1,0 KO 0 Sub 1 Dec,2,6,1,6.8,3201,3201,2884,2021-09-18,W - Sarah Alpar,2025-11-15,W - Tracy Cortez,2026-08-15,Jasmine Jasudavicius
Alexandre Pantoja,1990-04-16,TRUE,FALSE,FALSE,FALSE,FALSE,FALSE,FALSE,NA,Brazil,male,flyweight,1,NA,13,NA,-1,4,18,14,2 KO 6 Sub 6 Dec,4,1 KO 0 Sub 3 Dec,-1,8,6,5.4,3200,3351,2894,2017-01-28,W - Eric Shelton,2025-12-06,L - Joshua Van,NA,NA
Zhang Weili,1989-08-13,FALSE,FALSE,FALSE,FALSE,FALSE,FALSE,FALSE,NA,China,female,"women's flyweight, women's strawweight",1,NA,3,NA,-1,1,13,10,2 KO 2 Sub 6 Dec,3,1 KO 0 Sub 2 Dec,-1,5,5,3.3,3197,3303,2933,2018-08-04,W - Danielle Taylor,2025-11-15,L - Valentina Shevchenko,NA,NA
Rafa Garcia,1994-08-05,FALSE,FALSE,FALSE,FALSE,FALSE,FALSE,FALSE,NA,"Mexico, United States",male,lightweight,16,NA,16,NA,16,16,11,7,1 KO 1 Sub 5 Dec,4,1 KO 0 Sub 3 Dec,3,3,0,7.1,3195,3195,2848,2021-03-13,L - Nasrat Haqparast,2026-04-25,W - Alexander Hernandez,NA,NA
Arnold Allen,1994-01-22,FALSE,FALSE,FALSE,FALSE,FALSE,FALSE,FALSE,NA,"United Kingdom, England",male,featherweight,7,NA,16,NA,3,16,15,12,2 KO 2 Sub 8 Dec,3,0 KO 0 Sub 3 Dec,1,10,3,4.3,3189,3306,2929,2015-06-20,W - Alan Omer,2026-05-16,W - Melquizael Costa,NA,NA
Pat Sabatini,1990-11-09,FALSE,FALSE,FALSE,FALSE,FALSE,FALSE,FALSE,NA,United States,male,featherweight,16,NA,16,NA,16,16,11,9,0 KO 3 Sub 6 Dec,2,2 KO 0 Sub 0 Dec,4,4,1,7.1,3189,3189,2847,2021-04-24,W - Tristan Connelly,2026-05-09,W - William Gomis,NA,NA
Manon Fiorot,1990-02-17,FALSE,FALSE,FALSE,FALSE,FALSE,FALSE,FALSE,NA,France,female,women's flyweight,2,NA,5,NA,1,4,9,8,3 KO 0 Sub 5 Dec,1,0 KO 0 Sub 1 Dec,1,7,0,5.9,3179,3230,2846,2021-01-20,W - Victoria Leonardo,2025-10-18,W - Jasmine Jasudavicius,NA,NA
Amanda Nunes,1988-05-30,FALSE,FALSE,FALSE,FALSE,TRUE,FALSE,FALSE,TRUE,Brazil,female,women's bantamweight,16,NA,16,NA,-1,1,18,16,7 KO 3 Sub 6 Dec,2,1 KO 1 Sub 0 Dec,2,12,5,2.9,3179,3223,2751,2013-08-03,W - Sheila Gaff,2023-06-10,W - Irene Aldana,NA,NA
Mauricio Ruffy,1996-06-17,FALSE,FALSE,TRUE,FALSE,FALSE,FALSE,FALSE,NA,Brazil,male,lightweight,7,NA,16,NA,7,16,6,5,4 KO 0 Sub 1 Dec,1,0 KO 1 Sub 0 Dec,2,3,3,5,3173,3173,2914,2024-05-04,W - Jamie Mullarkey,2026-06-14,W - Michael Chandler,NA,NA
Jean Silva,1996-12-27,FALSE,FALSE,TRUE,FALSE,FALSE,FALSE,FALSE,NA,Brazil,male,featherweight,6,NA,16,NA,6,16,7,6,4 KO 1 Sub 1 Dec,1,1 KO 0 Sub 0 Dec,1,5,4,4.9,3171,3171,2873,2024-01-13,W - Westin Wilson,2026-01-24,W - Arnold Allen,NA,NA
Christian Leroy Duncan,1995-07-24,FALSE,FALSE,FALSE,FALSE,FALSE,FALSE,FALSE,NA,"United Kingdom, England",male,middleweight,13,NA,16,NA,12,16,9,7,5 KO 0 Sub 2 Dec,2,0 KO 0 Sub 2 Dec,4,4,2,6.9,3167,3167,2818,2023-03-18,W - Dusko Todorovic,2026-03-21,W - Roman Dolidze,2026-07-18,Jared Cannonier
Quillan Salkilld,1999-12-28,FALSE,FALSE,TRUE,FALSE,FALSE,FALSE,FALSE,NA,Australia,male,lightweight,12,NA,16,NA,12,16,5,5,3 KO 1 Sub 1 Dec,0,0 KO 0 Sub 0 Dec,5,5,4,7.4,3165,3165,2816,2025-02-08,W - Anshul Jubli,2026-05-02,W - Beneil Dariush,NA,NA
Myktybek Orolbai,1998-02-10,FALSE,FALSE,FALSE,FALSE,FALSE,FALSE,FALSE,NA,Kyrgyzstan,male,welterweight,16,NA,16,NA,16,16,6,5,1 KO 2 Sub 2 Dec,1,0 KO 0 Sub 1 Dec,3,3,1,6.2,3164,3164,2923,2023-11-18,W - Uros Medic,2026-03-14,W - Chris Curtis,2026-08-15,Jeremiah Wells
Waldo Cortes-Acosta,1991-10-03,FALSE,FALSE,TRUE,FALSE,FALSE,FALSE,FALSE,NA,Dominican Republic,male,heavyweight,5,NA,16,NA,4,16,13,10,5 KO 0 Sub 5 Dec,3,0 KO 0 Sub 3 Dec,-1,5,2,4.5,3157,3236,2841,2022-10-29,W - Jared Vanderaa,2026-05-09,L - Alexander Volkov,NA,NA
Mike Malott,1991-11-07,FALSE,FALSE,TRUE,FALSE,FALSE,FALSE,FALSE,NA,Canada,male,welterweight,12,NA,16,NA,11,16,8,7,3 KO 2 Sub 2 Dec,1,1 KO 0 Sub 0 Dec,4,4,3,4.2,3141,3141,2796,2022-04-09,W - Mickey Gall,2026-04-18,W - Gilbert Burns,NA,NA
Dominick Reyes,1989-12-26,FALSE,FALSE,FALSE,FALSE,FALSE,FALSE,FALSE,NA,United States,male,light heavyweight,11,NA,16,NA,1,15,15,10,6 KO 1 Sub 3 Dec,5,4 KO 0 Sub 1 Dec,1,6,4,3.7,3138,3194,3012,2017-06-25,W - Joachim Christensen,2026-04-11,W - Johnny Walker,NA,NA
Tatiana Suarez,1990-12-19,TRUE,FALSE,FALSE,FALSE,FALSE,FALSE,FALSE,NA,United States,female,women's strawweight,2,NA,10,NA,1,7,10,9,1 KO 5 Sub 3 Dec,1,0 KO 0 Sub 1 Dec,2,7,3,5,3138,3138,2781,2016-07-08,W - Amanda Cooper,2026-04-11,W - Loopy Godinez,NA,NA
Aiemann Zahabi,1987-11-19,FALSE,FALSE,FALSE,FALSE,FALSE,FALSE,FALSE,NA,"Canada, Lebanon",male,"bantamweight, featherweight",6,NA,16,NA,6,16,11,8,2 KO 0 Sub 6 Dec,3,2 KO 0 Sub 1 Dec,-1,7,1,6.9,3137,3195,2854,2017-02-19,W - Reginaldo Vieira,2026-06-14,L - Sean O'Malley,NA,NA
Ikram Aliskerov,1992-12-07,FALSE,FALSE,TRUE,FALSE,FALSE,FALSE,FALSE,NA,Russia,male,middleweight,16,NA,16,NA,15,16,5,4,3 KO 0 Sub 1 Dec,1,1 KO 0 Sub 0 Dec,2,2,1,5.8,3135,3135,2956,2023-05-06,W - Phil Hawes,2025-10-25,W - JunYong Park,2026-06-27,Brunno Ferreira
Aaron Pico,1996-09-23,FALSE,FALSE,FALSE,FALSE,FALSE,FALSE,FALSE,NA,United States,male,featherweight,12,NA,16,NA,12,16,2,1,0 KO 0 Sub 1 Dec,1,1 KO 0 Sub 0 Dec,1,1,0,4,3132,3132,3199,2025-08-16,L - Lerone Murphy,2026-04-11,W - Patricio Freire,NA,NA
Daniel Rodriguez,1986-12-31,FALSE,FALSE,TRUE,FALSE,FALSE,FALSE,FALSE,NA,United States,male,welterweight,15,NA,16,NA,13,16,14,10,3 KO 1 Sub 6 Dec,4,1 KO 1 Sub 2 Dec,3,4,1,4.6,3130,3130,2921,2020-02-15,W - Tim Means,2025-07-19,W - Kevin Holland,2026-08-01,Uros Medic
Kayla Harrison,1990-07-02,FALSE,FALSE,FALSE,FALSE,FALSE,FALSE,FALSE,NA,United States,female,women's bantamweight,-1,NA,2,NA,-1,2,3,3,0 KO 2 Sub 1 Dec,0,0 KO 0 Sub 0 Dec,3,3,1,5,3128,3128,2929,2024-04-13,W - Holly Holm,2025-06-07,W - Julianna Pena,NA,NA
Raoni Barcelos,1987-05-01,FALSE,FALSE,FALSE,FALSE,FALSE,FALSE,FALSE,NA,Brazil,male,bantamweight,14,NA,16,NA,14,16,15,11,2 KO 2 Sub 7 Dec,4,1 KO 0 Sub 3 Dec,5,5,3,6.7,3127,3127,2831,2018-07-14,W - Kurt Holobaugh,2026-04-25,W - Montel Jackson,NA,NA
Kyoji Horiguchi,1990-10-12,FALSE,FALSE,FALSE,FALSE,FALSE,FALSE,FALSE,NA,Japan,male,flyweight,5,NA,16,NA,3,16,11,9,2 KO 1 Sub 6 Dec,2,1 KO 1 Sub 0 Dec,-1,5,1,5.5,3127,3248,2751,2013-10-19,W - Dustin Pague,2026-06-20,L - Manel Kape,NA,NA
Jan Blachowicz,1983-02-24,FALSE,FALSE,FALSE,FALSE,FALSE,FALSE,FALSE,NA,Poland,male,light heavyweight,4,NA,16,NA,-1,6,22,12,5 KO 2 Sub 5 Dec,8,1 KO 1 Sub 6 Dec,0,5,6,2.7,3124,3488,3024,2014-10-03,W - Ilir Latifi,2025-12-06,D - Bogdan Guskov,2026-08-01,Bogdan Guskov
Grant Dawson,1994-02-20,FALSE,FALSE,TRUE,FALSE,FALSE,FALSE,FALSE,NA,United States,male,lightweight,16,NA,16,NA,10,16,15,12,2 KO 5 Sub 5 Dec,2,2 KO 0 Sub 0 Dec,1,5,2,5.8,3122,3258,2887,2019-03-09,W - Julian Erosa,2026-05-09,W - Mateusz Rebecki,NA,NA
Tatsuro Taira,2000-01-27,FALSE,FALSE,FALSE,FALSE,FALSE,FALSE,FALSE,NA,Japan,male,flyweight,3,NA,16,NA,3,16,10,8,3 KO 3 Sub 2 Dec,2,1 KO 0 Sub 1 Dec,-1,6,5,5.6,3121,3188,2865,2022-05-14,W - Carlos Candelario,2026-05-09,L - Joshua Van,NA,NA
Farid Basharat,1997-08-02,FALSE,FALSE,TRUE,FALSE,FALSE,FALSE,FALSE,NA,"Afghanistan, United Kingdom, England",male,bantamweight,16,NA,16,NA,15,16,6,6,0 KO 1 Sub 5 Dec,0,0 KO 0 Sub 0 Dec,6,6,0,9.8,3120,3122,2865,2023-03-04,W - Da'Mon Blackshear,2026-02-07,W - Jean Matsumoto,2026-07-11,Ethyn Ewing
David Martinez,1998-08-03,FALSE,FALSE,TRUE,FALSE,FALSE,FALSE,FALSE,NA,Mexico,male,bantamweight,8,NA,16,NA,8,16,3,3,1 KO 0 Sub 2 Dec,0,0 KO 0 Sub 0 Dec,3,3,1,3,3114,3114,3015,2025-03-29,W - Saimon Oliveira,2026-02-28,W - Marlon Vera,2026-07-25,Umar Nurmagomedov
Khalil Rountree Jr.,1990-02-26,TRUE,FALSE,FALSE,FALSE,FALSE,FALSE,FALSE,NA,United States,male,light heavyweight,5,NA,16,NA,4,16,18,10,7 KO 0 Sub 3 Dec,7,4 KO 1 Sub 2 Dec,-1,5,6,4.3,3109,3168,2831,2016-07-08,L - Andrew Sanchez,2025-10-04,L - Jiri Prochazka,2026-07-25,Magomed Ankalaev
Jakub Wiklacz,1996-09-10,FALSE,FALSE,FALSE,FALSE,FALSE,FALSE,FALSE,NA,Poland,male,bantamweight,16,NA,16,NA,16,16,2,2,0 KO 1 Sub 1 Dec,0,0 KO 0 Sub 0 Dec,2,2,1,10,3105,3105,3031,2025-10-04,W - Patchy Mix,2026-02-07,W - Muin Gafurov,NA,NA
Azamat Murzakanov,1989-04-12,FALSE,FALSE,TRUE,FALSE,FALSE,FALSE,FALSE,NA,Russia,male,light heavyweight,8,NA,16,NA,6,16,7,6,5 KO 0 Sub 1 Dec,1,1 KO 0 Sub 0 Dec,-1,6,2,6,3104,3213,2905,2022-03-12,W - Tafon Nchukwi,2026-04-11,L - Paulo Costa,NA,NA
Rizvan Kuniev,1992-03-10,FALSE,FALSE,TRUE,FALSE,FALSE,FALSE,FALSE,NA,Russia,male,heavyweight,8,NA,16,NA,6,16,2,1,0 KO 0 Sub 1 Dec,1,0 KO 0 Sub 1 Dec,1,1,0,3,3099,3099,3143,2025-06-21,L - Curtis Blaydes,2026-02-07,W - Jailton Almeida,2026-07-25,Tyrell Fortune
Steve Garcia,1992-05-22,FALSE,FALSE,TRUE,FALSE,FALSE,FALSE,FALSE,NA,United States,male,featherweight,10,NA,16,NA,8,16,11,8,7 KO 0 Sub 1 Dec,3,2 KO 0 Sub 1 Dec,-1,7,4,6.3,3096,3201,2801,2020-02-29,L - Luis Pena,2026-06-14,L - Diego Lopes,NA,NA
Dan Hooker,1990-02-13,FALSE,FALSE,FALSE,FALSE,FALSE,FALSE,FALSE,NA,New Zealand,male,lightweight,9,NA,16,NA,4,16,24,14,7 KO 2 Sub 5 Dec,10,4 KO 2 Sub 4 Dec,-2,4,6,4.7,3083,3186,2945,2014-06-27,W - Ian Entwistle,2026-02-01,L - Benoit Saint Denis,NA,NA
Joel Alvarez,1993-03-02,FALSE,FALSE,FALSE,FALSE,FALSE,FALSE,FALSE,NA,Spain,male,"welterweight, lightweight",16,NA,16,NA,15,16,11,8,4 KO 3 Sub 1 Dec,3,1 KO 1 Sub 1 Dec,-1,4,1,8,3080,3180,2864,2019-02-23,L - Damir Ismagulov,2026-05-09,L - Yaroslav Amosov,NA,NA
Vinicius Oliveira,1995-11-30,FALSE,FALSE,TRUE,FALSE,FALSE,FALSE,FALSE,NA,Brazil,male,"featherweight, bantamweight",13,NA,16,NA,11,16,6,5,2 KO 0 Sub 3 Dec,1,0 KO 1 Sub 0 Dec,1,4,4,6,3078,3130,2911,2024-03-02,W - Benardo Sopaj,2026-06-20,W - Andre Fili,NA,NA
Youssef Zalal,1996-09-04,FALSE,FALSE,FALSE,FALSE,FALSE,FALSE,FALSE,NA,Morocco,male,featherweight,8,NA,16,NA,7,16,13,8,0 KO 4 Sub 4 Dec,4,0 KO 0 Sub 4 Dec,-1,5,2,8,3078,3157,2773,2020-02-08,W - Austin Lingo,2026-04-25,L - Aljamain Sterling,NA,NA
Jared Cannonier,1984-03-16,FALSE,FALSE,FALSE,FALSE,FALSE,FALSE,FALSE,NA,United States,male,middleweight,11,NA,16,NA,2,16,20,11,7 KO 0 Sub 4 Dec,9,3 KO 0 Sub 6 Dec,-1,3,8,3.1,3078,3348,3035,2015-01-03,L - Shawn Jordan,2025-08-16,L - Michael Page,2026-07-18,Christian Leroy Duncan
Manuel Torres,1995-03-25,FALSE,FALSE,TRUE,FALSE,FALSE,FALSE,FALSE,NA,Mexico,male,lightweight,15,NA,16,NA,13,16,6,5,4 KO 1 Sub 0 Dec,1,1 KO 0 Sub 0 Dec,2,3,5,5,3076,3076,2848,2022-05-14,W - Frank Camacho,2025-12-06,W - Grant Dawson,2026-06-27,Rafael Fiziev
Volkan Oezdemir,1989-09-19,FALSE,FALSE,FALSE,FALSE,FALSE,FALSE,FALSE,NA,"Switzerland, Turkey",male,light heavyweight,9,NA,16,NA,2,16,16,9,5 KO 1 Sub 3 Dec,7,2 KO 1 Sub 4 Dec,1,3,3,4.1,3072,3092,3021,2017-02-04,W - Ovince Saint Preux,2025-11-22,W - Alonzo Menifield,NA,NA
Payton Talbott,1998-09-09,FALSE,FALSE,TRUE,FALSE,FALSE,FALSE,FALSE,NA,United States,male,bantamweight,11,NA,16,NA,11,16,6,5,2 KO 1 Sub 2 Dec,1,0 KO 0 Sub 1 Dec,2,3,2,5.3,3071,3071,2779,2023-11-18,W - Nick Aguirre,2025-12-06,W - Henry Cejudo,NA,NA
Nathaniel Wood,1993-05-08,FALSE,FALSE,FALSE,FALSE,FALSE,FALSE,FALSE,NA,"United Kingdom, England",male,featherweight,16,NA,16,NA,16,16,14,11,0 KO 3 Sub 8 Dec,3,1 KO 0 Sub 2 Dec,4,4,2,8.2,3071,3071,2764,2018-06-01,W - Johnny Eduardo,2026-03-21,W - Losene Keita,NA,NA
Tom Nolan,2000-03-08,FALSE,FALSE,TRUE,FALSE,FALSE,FALSE,FALSE,NA,Australia,male,lightweight,13,NA,16,NA,13,16,6,5,1 KO 1 Sub 3 Dec,1,1 KO 0 Sub 0 Dec,5,5,1,6.8,3071,3071,2736,2024-01-13,L - Nikolas Motta,2026-06-06,W - Fares Ziam,NA,NA
Bogdan Guskov,1992-09-12,FALSE,FALSE,FALSE,FALSE,FALSE,FALSE,FALSE,NA,"Russia, Uzbekistan",male,light heavyweight,10,NA,16,NA,8,16,6,4,3 KO 1 Sub 0 Dec,1,0 KO 1 Sub 0 Dec,0,4,2,6,3070,3070,2913,2023-09-02,L - Volkan Oezdemir,2025-12-06,D - Jan Blachowicz,2026-08-01,Jan Blachowicz
Drakkar Klose,1988-03-09,FALSE,FALSE,FALSE,FALSE,FALSE,FALSE,FALSE,NA,United States,male,lightweight,16,NA,16,NA,16,16,13,10,2 KO 0 Sub 8 Dec,3,2 KO 0 Sub 1 Dec,1,4,2,7.3,3069,3091,2813,2017-01-15,W - Devin Powell,2025-08-16,W - Edson Barboza,NA,NA
Charles Jourdain,1995-11-27,FALSE,FALSE,FALSE,FALSE,FALSE,FALSE,FALSE,NA,Canada,male,bantamweight,16,NA,16,NA,16,16,17,9,2 KO 4 Sub 3 Dec,7,1 KO 1 Sub 5 Dec,3,3,5,6.1,3066,3066,2772,2019-05-18,L - Des Green,2026-04-18,W - Kyler Phillips,NA,NA
Josh Hokit,1997-11-12,FALSE,FALSE,TRUE,FALSE,FALSE,FALSE,FALSE,NA,United States,male,heavyweight,4,NA,16,NA,4,16,4,4,3 KO 0 Sub 1 Dec,0,0 KO 0 Sub 0 Dec,4,4,4,6.5,3063,3063,2828,2025-11-08,W - Max Gimenis,2026-06-14,W - Derrick Lewis,NA,NA
Virna Jandiroba,1988-05-30,FALSE,FALSE,FALSE,FALSE,FALSE,FALSE,FALSE,NA,Brazil,female,women's strawweight,3,NA,11,NA,1,8,13,9,1 KO 3 Sub 5 Dec,4,0 KO 0 Sub 4 Dec,1,5,2,6.4,3062,3156,2770,2019-04-27,L - Carla Esparza,2026-04-04,W - Tabatha Ricci,NA,NA
Montel Jackson,1992-04-24,FALSE,FALSE,TRUE,FALSE,FALSE,FALSE,FALSE,NA,United States,male,bantamweight,16,NA,16,NA,14,16,13,9,3 KO 1 Sub 5 Dec,4,0 KO 0 Sub 4 Dec,-2,6,2,8.3,3060,3141,2820,2018-08-04,L - Ricky Simon,2026-04-25,L - Raoni Barcelos,NA,NA
Mackenzie Dern,1993-03-24,FALSE,FALSE,FALSE,FALSE,FALSE,FALSE,FALSE,NA,"Brazil, United States",female,women's strawweight,-1,NA,6,NA,-1,5,16,11,0 KO 5 Sub 6 Dec,5,1 KO 0 Sub 4 Dec,3,4,6,3.4,3059,3059,2735,2018-03-03,W - Ashley Yoder,2025-10-25,W - Virna Jandiroba,2026-08-15,Gillian Robertson
Bo Nickal,1996-01-14,FALSE,FALSE,TRUE,FALSE,FALSE,FALSE,FALSE,NA,United States,male,middleweight,15,NA,16,NA,15,16,7,6,3 KO 2 Sub 1 Dec,1,1 KO 0 Sub 0 Dec,2,4,2,4.6,3056,3056,2787,2023-03-04,W - Jamie Pickett,2026-06-14,W - Kyle Daukaus,NA,NA
Kevin Vallejos,2001-12-08,FALSE,FALSE,TRUE,FALSE,FALSE,FALSE,FALSE,NA,Argentina,male,featherweight,9,NA,16,NA,9,16,4,4,3 KO 0 Sub 1 Dec,0,0 KO 0 Sub 0 Dec,4,4,2,3.8,3055,3055,2804,2025-03-15,W - SeungWoo Choi,2026-03-14,W - Josh Emmett,NA,NA
Uros Medic,1993-04-25,FALSE,FALSE,TRUE,FALSE,FALSE,FALSE,FALSE,NA,Serbia,male,welterweight,14,NA,16,NA,12,16,10,7,7 KO 0 Sub 0 Dec,3,1 KO 2 Sub 0 Dec,3,3,3,7.5,3055,3055,2795,2021-03-06,W - Aalon Cruz,2026-02-21,W - Geoff Neal,2026-08-01,Daniel Rodriguez
Israel Adesanya,1989-07-22,FALSE,FALSE,FALSE,FALSE,FALSE,FALSE,FALSE,NA,"Nigeria, New Zealand",male,middleweight,9,NA,16,NA,-1,2,19,13,5 KO 0 Sub 8 Dec,6,3 KO 1 Sub 2 Dec,-4,9,8,1.7,3053,3576,3168,2018-02-10,W - Rob Wilkinson,2026-03-28,L - Joe Pyfer,NA,NA
Bryce Mitchell,1994-10-04,TRUE,FALSE,FALSE,FALSE,FALSE,FALSE,FALSE,NA,United States,male,"bantamweight, featherweight",16,NA,16,NA,9,16,13,10,1 KO 2 Sub 7 Dec,3,1 KO 2 Sub 0 Dec,2,6,2,5.5,3050,3130,2853,2018-07-06,W - Tyler Diamond,2026-06-06,W - Santiago Luna,NA,NA
Ludovit Klein,1995-02-22,FALSE,FALSE,FALSE,FALSE,FALSE,FALSE,FALSE,NA,Slovakia,male,lightweight,16,NA,16,NA,16,16,12,8,2 KO 0 Sub 6 Dec,3,0 KO 1 Sub 2 Dec,1,4,1,7.8,3045,3080,2816,2020-09-26,W - Shane Young,2025-10-25,W - Mateusz Rebecki,2026-08-01,Tofiq Musayev
Alexa Grasso,1993-08-09,FALSE,FALSE,FALSE,FALSE,FALSE,FALSE,FALSE,NA,Mexico,female,women's flyweight,3,NA,7,NA,-1,1,15,9,1 KO 2 Sub 6 Dec,5,0 KO 1 Sub 4 Dec,1,5,3,2.7,3043,3104,2773,2016-11-05,W - Heather Clark,2026-03-28,W - Maycee Barber,NA,NA
Reinier de Ridder,1990-09-07,FALSE,FALSE,FALSE,FALSE,FALSE,FALSE,FALSE,NA,Netherlands,male,middleweight,8,NA,16,NA,4,16,6,4,1 KO 2 Sub 1 Dec,2,1 KO 0 Sub 1 Dec,-2,4,1,2.2,3042,3243,3078,2024-11-09,W - Gerald Meerschaert,2026-03-07,L - Caio Borralho,NA,NA
Melquizael Costa,1996-09-14,FALSE,FALSE,FALSE,FALSE,FALSE,FALSE,FALSE,NA,Brazil,male,featherweight,13,NA,16,NA,12,16,10,7,2 KO 2 Sub 3 Dec,3,1 KO 1 Sub 1 Dec,-1,6,2,6.2,3041,3173,2870,2023-01-21,L - Thiago Moises,2026-05-16,L - Arnold Allen,NA,NA
Navajo Stirling,1997-11-07,FALSE,FALSE,TRUE,FALSE,FALSE,FALSE,FALSE,NA,New Zealand,male,light heavyweight,16,NA,16,NA,16,16,5,5,2 KO 0 Sub 3 Dec,0,0 KO 0 Sub 0 Dec,5,5,0,6.8,3040,3040,2730,2024-12-14,W - Tuco Tokkos,2026-06-20,W - Ion Cutelaba,NA,NA
Johnny Walker,1992-03-30,FALSE,FALSE,TRUE,FALSE,FALSE,FALSE,FALSE,NA,"Brazil, Ireland",male,"heavyweight, light heavyweight",13,NA,16,NA,5,16,16,8,6 KO 1 Sub 1 Dec,7,4 KO 0 Sub 3 Dec,-1,3,5,3.6,3036,3129,2977,2018-11-17,W - Khalil Rountree Jr.,2026-04-11,L - Dominick Reyes,2026-08-01,Ante Delija
Vicente Luque,1991-11-27,TRUE,FALSE,FALSE,FALSE,FALSE,FALSE,FALSE,NA,"Brazil, United States",male,"middleweight, welterweight",16,NA,16,NA,4,16,25,17,8 KO 7 Sub 2 Dec,8,2 KO 1 Sub 5 Dec,1,6,9,5.6,3034,3341,2862,2015-07-12,L - Mike Graves,2026-04-11,W - Kelvin Gastelum,2026-08-15,Tresean Gore
Nikita Krylov,1992-03-07,FALSE,FALSE,FALSE,FALSE,FALSE,FALSE,FALSE,NA,"Russia, Ukraine",male,light heavyweight,12,NA,16,NA,5,16,21,12,5 KO 5 Sub 2 Dec,9,3 KO 4 Sub 2 Dec,1,5,1,6,3034,3198,2864,2013-08-31,L - Soa Palelei,2026-01-24,W - Modestas Bukauskas,2026-07-11,Robert Whittaker
Roman Dolidze,1988-07-15,FALSE,FALSE,FALSE,FALSE,FALSE,FALSE,FALSE,NA,Georgia,male,middleweight,14,NA,16,NA,7,16,14,9,5 KO 0 Sub 4 Dec,5,0 KO 1 Sub 4 Dec,-2,4,3,4.6,3030,3264,2929,2020-07-18,W - Khadis Ibragimov,2026-03-21,L - Christian Leroy Duncan,NA,NA
Asu Almabayev,1994-01-25,FALSE,FALSE,FALSE,FALSE,FALSE,FALSE,FALSE,NA,Kazakhstan,male,flyweight,9,NA,16,NA,7,16,7,6,0 KO 2 Sub 4 Dec,1,1 KO 0 Sub 0 Dec,2,4,1,7.1,3028,3035,2776,2023-08-05,W - Ode Osbourne,2025-11-22,W - Alex Perez,2026-06-27,Charles Johnson
Kevin Holland,1992-11-05,FALSE,FALSE,TRUE,FALSE,FALSE,FALSE,FALSE,NA,United States,male,"middleweight, welterweight",16,NA,16,NA,10,16,29,16,6 KO 5 Sub 5 Dec,12,2 KO 3 Sub 7 Dec,1,5,10,4.5,3028,3183,2934,2018-08-04,L - Thiago Santos,2026-04-11,W - Randy Brown,2026-07-18,Jacobe Smith
Dooho Choi,1991-04-10,FALSE,FALSE,FALSE,FALSE,FALSE,FALSE,FALSE,NA,South Korea,male,featherweight,16,NA,16,NA,11,16,10,6,6 KO 0 Sub 0 Dec,3,2 KO 0 Sub 1 Dec,3,3,6,4.4,3027,3027,2804,2014-11-22,W - Juan Manuel Puig,2026-05-16,W - Daniel Santos,NA,NA
Beneil Dariush,1989-05-06,FALSE,FALSE,FALSE,FALSE,FALSE,FALSE,FALSE,NA,United States,male,lightweight,14,NA,16,NA,3,16,26,17,3 KO 5 Sub 9 Dec,8,7 KO 1 Sub 0 Dec,-2,8,5,4.7,3026,3411,2970,2014-01-15,W - Charlie Brenneman,2026-05-02,L - Quillan Salkilld,NA,NA
Serghei Spivac,1995-01-24,FALSE,FALSE,FALSE,FALSE,FALSE,FALSE,FALSE,NA,Moldova,male,heavyweight,6,NA,16,NA,6,16,15,9,3 KO 3 Sub 3 Dec,6,4 KO 0 Sub 2 Dec,1,3,2,4.9,3026,3124,2856,2019-05-04,L - Walt Harris,2026-02-21,W - Ante Delija,NA,NA
Mason Jones,1995-04-26,FALSE,FALSE,FALSE,FALSE,FALSE,FALSE,FALSE,NA,"United Kingdom, Wales",male,lightweight,16,NA,16,NA,16,16,7,4,1 KO 0 Sub 3 Dec,2,0 KO 0 Sub 2 Dec,3,3,3,7.7,3023,3023,2687,2021-01-20,L - Mike Davis,2026-03-21,W - Axel Sola,NA,NA
Alexander Hernandez,1992-10-01,FALSE,FALSE,FALSE,FALSE,FALSE,FALSE,FALSE,NA,United States,male,lightweight,16,NA,16,NA,11,16,18,10,5 KO 0 Sub 5 Dec,8,3 KO 1 Sub 4 Dec,-1,4,3,5.4,3021,3139,2906,2018-03-03,W - Beneil Dariush,2026-04-25,L - Rafa Garcia,NA,NA
Cezary Oleksiejczuk,2000-01-06,FALSE,FALSE,TRUE,FALSE,FALSE,FALSE,FALSE,NA,Poland,male,middleweight,16,NA,16,NA,16,16,1,1,0 KO 0 Sub 1 Dec,0,0 KO 0 Sub 0 Dec,1,1,0,3,3021,3021,2860,2025-12-13,W - Cesar Almeida,2025-12-13,W - Cesar Almeida,NA,NA
Shara Magomedov,1994-05-16,FALSE,FALSE,FALSE,FALSE,FALSE,FALSE,FALSE,NA,Russia,male,middleweight,16,NA,16,NA,14,16,6,5,2 KO 0 Sub 3 Dec,1,0 KO 0 Sub 1 Dec,1,4,4,4.8,3020,3071,2790,2023-10-21,W - Bruno Silva,2025-07-26,W - Marc-Andre Barriault,2026-06-27,Michel Pereira
Joanderson Brito,1995-02-11,FALSE,FALSE,TRUE,FALSE,FALSE,FALSE,FALSE,NA,Brazil,male,featherweight,16,NA,16,NA,16,16,10,7,3 KO 3 Sub 1 Dec,3,0 KO 0 Sub 3 Dec,2,5,2,6.1,3016,3110,2744,2022-01-15,L - Bill Algeo,2026-06-06,W - Jordan Leavitt,NA,NA
Stephen Thompson,1983-02-11,FALSE,FALSE,FALSE,FALSE,FALSE,FALSE,FALSE,NA,United States,male,welterweight,16,NA,16,NA,1,16,22,12,6 KO 0 Sub 6 Dec,9,2 KO 1 Sub 6 Dec,-3,7,8,3.7,3012,3319,3019,2012-02-04,W - Dan Stittgen,2025-07-12,L - Gabriel Bonfim,NA,NA
Brian Ortega,1991-02-21,FALSE,FALSE,FALSE,FALSE,FALSE,FALSE,FALSE,NA,"Mexico, United States",male,featherweight,11,NA,16,NA,1,16,14,8,3 KO 4 Sub 1 Dec,5,2 KO 0 Sub 3 Dec,-2,6,8,3.1,3010,3290,3060,2014-07-26,NC - Mike De La Torre,2025-08-23,L - Aljamain Sterling,NA,NA
Jake Matthews,1994-08-19,TRUE,FALSE,FALSE,FALSE,FALSE,FALSE,FALSE,NA,Australia,male,welterweight,16,NA,16,NA,16,16,24,16,2 KO 6 Sub 8 Dec,8,1 KO 4 Sub 3 Dec,1,3,3,6,3010,3077,2764,2014-06-27,W - Dashon Johnson,2026-05-30,W - Carlston Harris,NA,NA
Deiveson Figueiredo,1987-12-18,FALSE,FALSE,FALSE,FALSE,FALSE,FALSE,FALSE,NA,Brazil,male,bantamweight,9,NA,16,NA,-1,8,22,14,4 KO 4 Sub 6 Dec,7,2 KO 2 Sub 3 Dec,-2,5,4,4.6,3009,3334,3056,2017-06-03,W - Marco Beltran,2026-05-30,L - Song Yadong,NA,NA
Kai Kara-France,1993-03-26,TRUE,FALSE,FALSE,FALSE,FALSE,FALSE,FALSE,NA,New Zealand,male,flyweight,16,NA,16,NA,2,16,13,8,3 KO 0 Sub 5 Dec,5,1 KO 2 Sub 2 Dec,-1,3,6,5.3,3008,3091,2844,2018-12-01,W - Elias Garcia,2025-06-28,L - Alexandre Pantoja,NA,NA
Tofiq Musayev,1989-12-15,FALSE,FALSE,FALSE,FALSE,FALSE,FALSE,FALSE,NA,Azerbaijan,male,lightweight,16,NA,16,NA,16,16,2,1,0 KO 0 Sub 1 Dec,1,0 KO 1 Sub 0 Dec,1,1,1,5.5,3006,3006,2985,2025-06-21,L - Myktybek Orolbai,2026-03-28,W - Ignacio Bahamondes,2026-08-01,Ludovit Klein
Nicolas Dalby,1984-11-16,FALSE,FALSE,FALSE,FALSE,FALSE,FALSE,FALSE,NA,Denmark,male,welterweight,16,NA,16,NA,16,16,15,8,1 KO 0 Sub 7 Dec,5,1 KO 0 Sub 4 Dec,1,4,3,7.3,3005,3116,2821,2015-05-30,W - Elizeu Zaleski dos Santos,2025-11-22,W - Saygid Izagakhmaev,NA,NA
Losene Keita,1997-12-30,FALSE,FALSE,FALSE,FALSE,FALSE,FALSE,FALSE,NA,"Belgium, Guinea",male,featherweight,16,NA,16,NA,16,16,1,0,0 KO 0 Sub 0 Dec,1,0 KO 0 Sub 1 Dec,-1,-1,0,8,3005,3005,3035,2026-03-21,L - Nathaniel Wood,2026-03-21,L - Nathaniel Wood,NA,NA
Jalin Turner,1995-05-18,FALSE,FALSE,TRUE,FALSE,FALSE,FALSE,FALSE,NA,United States,male,lightweight,16,NA,16,NA,9,16,14,8,5 KO 3 Sub 0 Dec,6,2 KO 1 Sub 3 Dec,1,5,2,6.9,3002,3140,2863,2018-10-06,L - Vicente Luque,2025-12-06,W - Edson Barboza,NA,NA
Rafael Fiziev,1993-03-05,FALSE,FALSE,FALSE,FALSE,FALSE,FALSE,FALSE,NA,"Azerbaijan, Kyrgyzstan",male,lightweight,11,NA,16,NA,6,16,12,7,3 KO 0 Sub 4 Dec,5,3 KO 0 Sub 2 Dec,-1,6,7,3.9,3001,3181,2996,2019-04-20,L - Magomed Mustafaev,2026-02-01,L - Mauricio Ruffy,2026-06-27,Manuel Torres
Fares Ziam,1997-03-21,FALSE,FALSE,FALSE,FALSE,FALSE,FALSE,FALSE,NA,"Algeria, France",male,lightweight,16,NA,16,NA,14,16,11,8,2 KO 0 Sub 6 Dec,3,0 KO 1 Sub 2 Dec,-1,6,1,8.1,3001,3164,2796,2019-09-07,L - Don Madge,2026-06-06,L - Tom Nolan,NA,NA
Steve Erceg,1995-07-27,FALSE,FALSE,FALSE,FALSE,FALSE,FALSE,FALSE,NA,Australia,male,"flyweight, bantamweight",10,NA,16,NA,7,16,8,5,1 KO 0 Sub 4 Dec,3,1 KO 0 Sub 2 Dec,2,3,2,3.8,2997,2997,2914,2023-06-10,W - David Dvorak,2026-05-02,W - Tim Elliott,2026-07-25,Ramazan Temirov
Jean Matsumoto,1999-09-09,FALSE,FALSE,TRUE,FALSE,FALSE,FALSE,FALSE,NA,Brazil,male,bantamweight,16,NA,16,NA,16,16,5,3,0 KO 1 Sub 2 Dec,2,0 KO 0 Sub 2 Dec,-1,2,0,6,2994,2994,2879,2024-04-06,W - Dan Argueta,2026-02-07,L - Farid Basharat,2026-06-27,Bekzat Almakhan
Neil Magny,1987-08-03,TRUE,FALSE,FALSE,FALSE,FALSE,FALSE,FALSE,NA,United States,male,welterweight,16,NA,16,NA,5,16,37,24,7 KO 3 Sub 14 Dec,13,4 KO 6 Sub 3 Dec,-1,7,5,4.7,2994,3291,2920,2013-02-23,W - Jon Manley,2025-12-13,L - Yaroslav Amosov,NA,NA
Mairon Santos,2000-06-10,TRUE,FALSE,FALSE,FALSE,FALSE,FALSE,FALSE,NA,Brazil,male,"lightweight, featherweight",16,NA,16,NA,16,16,4,4,2 KO 0 Sub 2 Dec,0,0 KO 0 Sub 0 Dec,4,4,0,7.2,2993,2993,2764,2024-08-24,W - Kaan Ofli,2025-12-06,W - Muhammad Naimov,NA,NA
Dustin Jacoby,1988-04-04,FALSE,FALSE,TRUE,FALSE,FALSE,FALSE,FALSE,NA,United States,male,light heavyweight,16,NA,16,NA,13,16,17,10,7 KO 0 Sub 3 Dec,6,1 KO 1 Sub 4 Dec,3,4,3,7,2992,3073,2754,2011-10-29,L - Clifford Starks,2026-02-07,W - Julius Walker,NA,NA
Tyrell Fortune,1990-07-04,FALSE,FALSE,FALSE,FALSE,FALSE,FALSE,FALSE,NA,United States,male,heavyweight,9,NA,16,NA,9,16,1,1,0 KO 0 Sub 1 Dec,0,0 KO 0 Sub 0 Dec,1,1,0,9,2992,2992,3024,2026-03-28,W - Marcin Tybura,2026-03-28,W - Marcin Tybura,2026-07-25,Rizvan Kuniev
Abus Magomedov,1990-09-02,FALSE,FALSE,FALSE,FALSE,FALSE,FALSE,FALSE,NA,"Germany, Russia",male,middleweight,16,NA,16,NA,14,16,7,4,1 KO 1 Sub 2 Dec,3,1 KO 1 Sub 1 Dec,-1,3,1,5.6,2991,3091,2941,2022-09-03,W - Dustin Stoltzfus,2025-10-04,L - Joe Pyfer,2026-06-27,Michal Oleksiejczuk
Carlos Leal,1994-05-04,FALSE,FALSE,FALSE,FALSE,FALSE,FALSE,FALSE,NA,Brazil,male,welterweight,16,NA,16,NA,16,16,4,2,1 KO 0 Sub 1 Dec,2,1 KO 0 Sub 1 Dec,1,1,0,8.8,2990,3010,2915,2024-10-26,L - Rinat Fakhretdinov,2026-02-21,W - Chidi Njokuani,NA,NA
Curtis Blaydes,1991-02-18,FALSE,FALSE,FALSE,FALSE,FALSE,FALSE,FALSE,NA,United States,male,heavyweight,7,NA,16,NA,2,16,21,14,8 KO 0 Sub 6 Dec,6,5 KO 0 Sub 1 Dec,-1,4,5,3.5,2989,3343,2979,2016-04-10,L - Francis Ngannou,2026-04-11,L - Josh Hokit,NA,NA
Patricio Freire,1987-07-07,FALSE,FALSE,FALSE,FALSE,FALSE,FALSE,FALSE,NA,Brazil,male,featherweight,16,NA,16,NA,11,16,3,1,0 KO 0 Sub 1 Dec,2,0 KO 0 Sub 2 Dec,-1,1,0,4.3,2988,3122,3040,2025-04-12,L - Yair Rodriguez,2026-04-11,L - Aaron Pico,NA,NA
Nursulton Ruziboev,1993-11-19,FALSE,FALSE,FALSE,FALSE,FALSE,FALSE,FALSE,NA,Uzbekistan,male,middleweight,16,NA,16,NA,16,16,5,4,3 KO 0 Sub 1 Dec,1,0 KO 0 Sub 1 Dec,2,2,1,5.2,2986,2986,2769,2023-07-01,W - Brunno Ferreira,2025-05-17,W - Dustin Stoltzfus,2026-06-27,Andrey Pulyaev
Ramazan Temirov,1997-01-31,FALSE,FALSE,FALSE,FALSE,FALSE,FALSE,FALSE,NA,Uzbekistan,male,flyweight,16,NA,16,NA,13,16,2,2,1 KO 0 Sub 1 Dec,0,0 KO 0 Sub 0 Dec,2,2,1,8,2985,2985,2855,2024-10-12,W - CJ Vergara,2025-03-01,W - Charles Johnson,2026-07-25,Steve Erceg
Jamahal Hill,1991-05-19,FALSE,FALSE,TRUE,FALSE,FALSE,FALSE,FALSE,NA,United States,male,light heavyweight,6,NA,16,NA,-1,13,11,6,4 KO 0 Sub 2 Dec,4,3 KO 0 Sub 1 Dec,-3,4,4,2.8,2985,3258,2981,2020-01-25,W - Darko Stosic,2025-06-21,L - Khalil Rountree Jr.,NA,NA
Jasmine Jasudavicius,1989-03-01,FALSE,FALSE,TRUE,FALSE,FALSE,FALSE,FALSE,NA,"Canada, Lithuania",female,women's flyweight,7,NA,16,NA,5,16,12,9,0 KO 3 Sub 6 Dec,3,1 KO 0 Sub 2 Dec,1,5,3,7.2,2985,2996,2751,2022-01-22,W - Kay Hansen,2026-04-18,W - Karine Silva,2026-08-15,Erin Blanchfield
Raul Rosas Jr.,2004-10-08,FALSE,FALSE,TRUE,FALSE,FALSE,FALSE,FALSE,NA,"Mexico, United States",male,bantamweight,12,NA,16,NA,12,16,7,6,1 KO 2 Sub 3 Dec,1,0 KO 0 Sub 1 Dec,5,5,3,4.9,2982,2982,2625,2022-12-10,W - Jay Perrin,2026-03-07,W - Rob Font,NA,NA
David Onama,1994-06-07,FALSE,FALSE,FALSE,FALSE,FALSE,FALSE,FALSE,NA,Uganda,male,"featherweight, lightweight",14,NA,16,NA,13,16,9,6,2 KO 1 Sub 3 Dec,3,1 KO 0 Sub 2 Dec,-1,4,3,5.1,2981,3068,2775,2021-10-23,L - Mason Jones,2025-11-01,L - Steve Garcia,NA,NA
Gillian Robertson,1995-05-17,TRUE,FALSE,FALSE,FALSE,FALSE,FALSE,FALSE,NA,Canada,female,women's strawweight,5,NA,16,NA,5,16,20,14,3 KO 7 Sub 4 Dec,6,1 KO 1 Sub 4 Dec,5,5,2,8.6,2981,2981,2640,2017-12-01,W - Emily Whitmire,2026-03-14,W - Amanda Lemos,2026-08-15,Mackenzie Dern
Aleksandar Rakic,1992-02-06,FALSE,FALSE,FALSE,FALSE,FALSE,FALSE,FALSE,NA,"Austria, Serbia",male,"heavyweight, light heavyweight",15,NA,16,NA,2,16,11,6,2 KO 0 Sub 4 Dec,5,3 KO 0 Sub 2 Dec,-4,4,1,5.2,2971,3216,3018,2017-09-02,W - Francimar Barroso,2025-10-25,L - Azamat Murzakanov,2026-08-01,Marcin Tybura
Punahele Soriano,1992-11-22,FALSE,FALSE,TRUE,FALSE,FALSE,FALSE,FALSE,NA,United States,male,welterweight,16,NA,16,NA,16,16,11,7,4 KO 0 Sub 3 Dec,4,1 KO 1 Sub 2 Dec,4,4,1,6.8,2970,2970,2716,2019-12-14,W - Oskar Piechota,2026-02-21,W - Ramiz Brahimaj,NA,NA
Rose Namajunas,1992-06-29,TRUE,FALSE,FALSE,FALSE,FALSE,FALSE,FALSE,NA,"Lithuania, United States",female,women's flyweight,5,NA,14,NA,-1,2,19,12,2 KO 3 Sub 7 Dec,7,1 KO 1 Sub 5 Dec,-1,3,6,2.4,2968,3120,2871,2014-12-12,L - Carla Esparza,2026-01-24,L - Natalia Silva,NA,NA
Tagir Ulanbekov,1991-08-07,FALSE,FALSE,FALSE,FALSE,FALSE,FALSE,FALSE,NA,Russia,male,flyweight,13,NA,16,NA,10,16,8,6,0 KO 2 Sub 4 Dec,2,0 KO 1 Sub 1 Dec,-1,4,0,10.2,2967,3037,2752,2020-10-10,W - Bruno Gustavo da Silva,2025-11-22,L - Kyoji Horiguchi,NA,NA
Chris Duncan,1993-05-10,FALSE,FALSE,TRUE,FALSE,FALSE,FALSE,FALSE,NA,"United Kingdom, Scotland",male,lightweight,16,NA,16,NA,16,16,8,6,0 KO 3 Sub 3 Dec,2,0 KO 2 Sub 0 Dec,-1,4,2,6.8,2967,3040,2794,2023-03-18,W - Omar Morales,2026-04-04,L - Renato Moicano,NA,NA
Marlon Vera,1992-12-02,TRUE,FALSE,FALSE,FALSE,FALSE,FALSE,FALSE,NA,Ecuador,male,bantamweight,10,NA,16,NA,3,16,26,15,7 KO 4 Sub 4 Dec,11,0 KO 0 Sub 11 Dec,-4,5,8,5.4,2963,3283,2848,2014-11-15,L - Marco Beltran,2026-02-28,L - David Martinez,NA,NA
Michael Chandler,1986-04-24,FALSE,FALSE,FALSE,FALSE,TRUE,FALSE,FALSE,NA,United States,male,lightweight,16,NA,16,NA,4,16,8,2,2 KO 0 Sub 0 Dec,6,3 KO 1 Sub 2 Dec,-4,1,5,2.9,2960,3230,3266,2021-01-23,W - Dan Hooker,2026-06-14,L - Mauricio Ruffy,NA,NA
Nurullo Aliev,2000-12-08,FALSE,FALSE,TRUE,FALSE,FALSE,FALSE,FALSE,NA,Tajikistan,male,lightweight,16,NA,16,NA,16,16,3,3,0 KO 0 Sub 3 Dec,0,0 KO 0 Sub 0 Dec,3,3,0,12.3,2956,2956,2771,2023-02-25,W - Rafael Alves,2025-11-22,W - Shem Rock,2026-07-25,Mike Davis
Saygid Izagakhmaev,1994-09-03,FALSE,FALSE,FALSE,FALSE,FALSE,FALSE,FALSE,NA,Russia,male,welterweight,16,NA,16,NA,16,16,1,0,0 KO 0 Sub 0 Dec,1,0 KO 0 Sub 1 Dec,-1,-1,0,8,2953,2953,2961,2025-11-22,L - Nicolas Dalby,2025-11-22,L - Nicolas Dalby,NA,NA
Ethyn Ewing,1998-02-16,FALSE,FALSE,FALSE,FALSE,FALSE,FALSE,FALSE,NA,United States,male,"bantamweight, featherweight",16,NA,16,NA,16,16,2,2,1 KO 0 Sub 1 Dec,0,0 KO 0 Sub 0 Dec,2,2,0,6.5,2953,2953,2967,2025-11-15,W - Malcolm Wellmaker,2026-04-04,W - Rafael Estevam,2026-07-11,Farid Basharat
Marcus McGhee,1990-05-07,FALSE,FALSE,FALSE,FALSE,FALSE,FALSE,FALSE,NA,United States,male,bantamweight,15,NA,16,NA,12,16,6,5,2 KO 1 Sub 2 Dec,1,0 KO 0 Sub 1 Dec,1,4,3,6.5,2951,2951,2790,2023-04-29,W - Journey Newson,2026-06-06,W - John Yannis,NA,NA
Edmen Shahbazyan,1997-11-20,FALSE,FALSE,TRUE,FALSE,FALSE,FALSE,FALSE,NA,"Armenia, United States",male,middleweight,16,NA,16,NA,9,16,15,9,6 KO 1 Sub 2 Dec,6,3 KO 1 Sub 2 Dec,-1,4,3,5.7,2951,2981,2817,2018-11-30,W - Darren Stewart,2026-06-06,L - Brendan Allen,NA,NA
Michal Oleksiejczuk,1995-02-22,FALSE,FALSE,FALSE,FALSE,FALSE,FALSE,FALSE,NA,Poland,male,middleweight,16,NA,16,NA,16,16,18,10,8 KO 0 Sub 2 Dec,7,0 KO 5 Sub 2 Dec,3,3,5,6.6,2948,2948,2807,2017-12-30,NC - Khalil Rountree Jr.,2026-02-07,W - Marc-Andre Barriault,2026-06-27,Abus Magomedov
Alonzo Menifield,1987-10-18,FALSE,FALSE,TRUE,FALSE,FALSE,FALSE,FALSE,NA,United States,male,light heavyweight,14,NA,16,NA,11,16,18,11,5 KO 2 Sub 4 Dec,6,4 KO 0 Sub 2 Dec,1,2,3,6.1,2948,3021,2780,2019-01-19,W - Vinicius Moreira,2026-05-30,W - Zhang Mingyang,NA,NA
Diego Ferreira,1985-01-18,FALSE,FALSE,FALSE,FALSE,FALSE,FALSE,FALSE,NA,Brazil,male,lightweight,16,NA,16,NA,8,16,17,10,5 KO 2 Sub 3 Dec,7,4 KO 0 Sub 3 Dec,-2,6,7,6.3,2946,3246,2911,2014-06-28,W - Colton Smith,2025-09-13,L - Alexander Hernandez,2026-08-08,Billy Quarantillo
Brunno Ferreira,1992-11-04,FALSE,FALSE,TRUE,FALSE,FALSE,FALSE,FALSE,NA,Brazil,male,middleweight,16,NA,16,NA,15,16,9,6,3 KO 2 Sub 1 Dec,3,2 KO 1 Sub 0 Dec,-1,3,2,7.2,2946,3007,2858,2023-01-21,W - Gregory Rodrigues,2026-03-07,L - Gregory Rodrigues,2026-06-27,Ikram Aliskerov
Yan Xiaonan,1989-06-16,FALSE,FALSE,FALSE,FALSE,FALSE,FALSE,FALSE,NA,China,female,women's strawweight,4,NA,12,NA,1,8,13,9,1 KO 0 Sub 8 Dec,4,1 KO 0 Sub 3 Dec,-1,6,1,5.3,2946,3039,2742,2017-11-25,W - Kailin Curran,2025-04-12,L - Virna Jandiroba,NA,NA
Roman Kopylov,1992-05-04,FALSE,FALSE,FALSE,FALSE,FALSE,FALSE,FALSE,NA,Russia,male,middleweight,16,NA,16,NA,14,16,12,7,5 KO 0 Sub 2 Dec,5,0 KO 2 Sub 3 Dec,1,4,3,6.2,2945,2988,2838,2019-11-09,L - Karl Roberson,2026-05-09,W - Marco Tulio,NA,NA
Joseph Morales,1994-08-22,TRUE,FALSE,FALSE,FALSE,FALSE,FALSE,FALSE,NA,United States,male,flyweight,16,NA,16,NA,14,16,5,3,0 KO 3 Sub 0 Dec,2,1 KO 0 Sub 1 Dec,2,2,1,9.4,2943,2943,2729,2017-08-05,W - Roberto Sanchez,2025-11-08,W - Matt Schnell,NA,NA
Manoel Sousa,1997-06-04,FALSE,FALSE,TRUE,FALSE,FALSE,FALSE,FALSE,NA,Brazil,male,lightweight,16,NA,16,NA,16,16,1,1,1 KO 0 Sub 0 Dec,0,0 KO 0 Sub 0 Dec,1,1,1,10,2942,2942,2644,2026-03-14,W - Bolaji Oki,2026-03-14,W - Bolaji Oki,NA,NA
Daniil Donchenko,2001-08-04,TRUE,FALSE,FALSE,FALSE,FALSE,FALSE,FALSE,NA,Ukraine,male,welterweight,16,NA,16,NA,16,16,2,2,1 KO 0 Sub 1 Dec,0,0 KO 0 Sub 0 Dec,2,2,0,10.5,2941,2941,2620,2025-09-13,W - Rodrigo Sezinando,2026-02-07,W - Alex Morono,2026-06-27,Theodor Berggren
Chris Padilla,1995-09-14,FALSE,FALSE,FALSE,FALSE,FALSE,FALSE,FALSE,NA,United States,male,lightweight,16,NA,16,NA,16,16,5,4,2 KO 1 Sub 1 Dec,0,0 KO 0 Sub 0 Dec,0,4,0,7.6,2940,2957,2812,2024-04-27,W - James Llontop,2026-04-11,D - MarQuel Mederos,NA,NA
Joselyne Edwards,1995-09-29,FALSE,FALSE,FALSE,FALSE,FALSE,FALSE,FALSE,NA,Panama,female,women's bantamweight,3,NA,16,NA,3,16,13,9,2 KO 2 Sub 5 Dec,4,0 KO 0 Sub 4 Dec,5,5,1,8.9,2938,2938,2551,2021-01-16,W - Yanan Wu,2026-04-25,W - Norma Dumont,NA,NA
Raquel Pennington,1988-09-05,TRUE,FALSE,FALSE,FALSE,FALSE,FALSE,FALSE,NA,"Mexico, United States",female,women's bantamweight,2,NA,13,NA,-1,5,19,13,0 KO 3 Sub 10 Dec,6,1 KO 0 Sub 5 Dec,-1,6,1,5.3,2936,2989,2649,2013-11-30,W - Roxanne Modafferi,2024-10-05,L - Julianna Pena,NA,NA
Davey Grant,1985-12-18,TRUE,FALSE,FALSE,FALSE,FALSE,FALSE,FALSE,NA,"United Kingdom, England",male,bantamweight,16,NA,16,NA,16,16,16,9,3 KO 1 Sub 5 Dec,7,0 KO 4 Sub 3 Dec,1,3,6,7,2935,3022,2736,2013-11-30,L - Chris Holdsworth,2026-04-25,W - Juan Martinetti,NA,NA
Gunnar Nelson,1988-07-28,FALSE,FALSE,FALSE,FALSE,FALSE,FALSE,FALSE,NA,Iceland,male,welterweight,16,NA,16,NA,8,16,16,10,0 KO 8 Sub 2 Dec,6,1 KO 0 Sub 5 Dec,-1,4,5,3.3,2935,3115,2888,2012-09-29,W - DaMarques Johnson,2025-03-22,L - Kevin Holland,NA,NA
Kaue Fernandes,1995-03-17,FALSE,FALSE,FALSE,FALSE,FALSE,FALSE,FALSE,NA,Brazil,male,lightweight,16,NA,16,NA,16,16,4,3,2 KO 0 Sub 1 Dec,1,0 KO 0 Sub 1 Dec,3,3,1,10,2933,2933,2700,2023-11-04,L - Marc Diakiese,2025-09-06,W - Harry Hardwick,NA,NA
Denise Gomes,1999-12-30,FALSE,FALSE,TRUE,FALSE,FALSE,FALSE,FALSE,NA,Brazil,female,women's strawweight,13,NA,16,NA,12,16,8,6,3 KO 0 Sub 3 Dec,2,0 KO 0 Sub 2 Dec,4,4,2,9.2,2933,2933,2660,2022-09-17,L - Loma Lookboonmee,2025-11-08,W - Tecia Pennington,NA,NA
King Green,1986-09-09,FALSE,FALSE,FALSE,FALSE,TRUE,FALSE,FALSE,NA,United States,male,lightweight,16,NA,16,NA,7,16,30,16,4 KO 3 Sub 9 Dec,12,5 KO 1 Sub 6 Dec,3,4,8,5.1,2932,3149,2863,2013-02-02,W - Jacob Volkmann,2026-05-09,W - Jeremy Stephens,2026-07-11,Terrance McKinney
Jim Miller,1983-08-30,FALSE,FALSE,FALSE,FALSE,FALSE,FALSE,FALSE,NA,United States,male,lightweight,16,NA,16,NA,4,16,47,28,6 KO 14 Sub 8 Dec,18,2 KO 3 Sub 13 Dec,1,7,16,5.4,2929,3077,2781,2008-10-18,W - David Baron,2026-05-09,W - Jared Gordon,NA,NA
Li Jingliang,1988-03-20,FALSE,FALSE,FALSE,FALSE,FALSE,FALSE,FALSE,NA,China,male,welterweight,16,NA,16,NA,11,16,18,11,8 KO 0 Sub 3 Dec,7,1 KO 2 Sub 4 Dec,-2,4,7,5.6,2926,3095,2762,2014-05-24,W - David Michaud,2024-08-17,L - Carlos Prates,NA,NA
Elijah Smith,2002-09-05,FALSE,FALSE,TRUE,FALSE,FALSE,FALSE,FALSE,NA,United States,male,bantamweight,16,NA,16,NA,16,16,3,3,1 KO 1 Sub 1 Dec,0,0 KO 0 Sub 0 Dec,3,3,1,9,2925,2925,2721,2025-02-15,W - Vince Morales,2026-03-14,W - SuYoung You,NA,NA
Sam Patterson,1996-04-30,FALSE,FALSE,TRUE,FALSE,FALSE,FALSE,FALSE,NA,"United Kingdom, England",male,welterweight,16,NA,16,NA,16,16,6,4,2 KO 2 Sub 0 Dec,2,1 KO 0 Sub 1 Dec,-1,4,0,8,2924,2949,2748,2023-03-18,L - Yanal Ashmouz,2026-03-21,L - Michael Page,NA,NA
Nazim Sadykhov,1994-05-16,FALSE,FALSE,TRUE,FALSE,FALSE,FALSE,FALSE,NA,"Azerbaijan, United States",male,lightweight,16,NA,16,NA,16,16,6,4,3 KO 1 Sub 0 Dec,1,1 KO 0 Sub 0 Dec,-1,2,4,6.5,2923,2997,2774,2023-02-18,W - Evan Elder,2025-12-06,L - Fares Ziam,2026-06-27,Matheus Camilo
Lerryan Douglas,1995-04-27,FALSE,FALSE,TRUE,FALSE,FALSE,FALSE,FALSE,NA,Brazil,male,featherweight,16,NA,16,NA,16,16,1,1,1 KO 0 Sub 0 Dec,0,0 KO 0 Sub 0 Dec,1,1,0,4,2922,2922,2891,2026-03-28,W - Julian Erosa,2026-03-28,W - Julian Erosa,NA,NA
Drew Dober,1988-10-19,TRUE,FALSE,FALSE,FALSE,FALSE,FALSE,FALSE,NA,United States,male,lightweight,16,NA,16,NA,13,16,27,15,11 KO 1 Sub 3 Dec,11,3 KO 4 Sub 4 Dec,2,3,10,6.2,2920,3093,2750,2013-11-30,L - Sean Spencer,2026-03-07,W - Michael Johnson,NA,NA
Jacobe Smith,1996-01-17,FALSE,FALSE,TRUE,FALSE,FALSE,FALSE,FALSE,NA,United States,male,"middleweight, welterweight",16,NA,16,NA,16,16,3,3,2 KO 1 Sub 0 Dec,0,0 KO 0 Sub 0 Dec,3,3,1,8.3,2918,2918,2789,2025-01-11,W - Preston Parsons,2026-02-21,W - Josiah Harrell,2026-07-18,Kevin Holland
Baisangur Susurkaev,2001-01-08,FALSE,FALSE,TRUE,FALSE,FALSE,FALSE,FALSE,NA,Russia,male,middleweight,16,NA,16,NA,16,16,3,3,1 KO 2 Sub 0 Dec,0,0 KO 0 Sub 0 Dec,3,3,0,10.3,2918,2918,2636,2025-08-16,W - Eric Nolan,2026-05-09,W - Djorden Santos,NA,NA
Maycee Barber,1998-05-18,FALSE,FALSE,TRUE,FALSE,FALSE,FALSE,FALSE,NA,United States,female,women's flyweight,6,NA,15,NA,4,14,13,10,4 KO 0 Sub 6 Dec,3,1 KO 0 Sub 2 Dec,-1,7,1,5,2916,3059,2709,2018-11-10,W - Hannah Cifers,2026-03-28,L - Alexa Grasso,NA,NA
William Gomis,1997-06-13,FALSE,FALSE,FALSE,FALSE,FALSE,FALSE,FALSE,NA,France,male,featherweight,16,NA,16,NA,16,16,7,5,1 KO 0 Sub 4 Dec,2,0 KO 0 Sub 2 Dec,-1,4,0,6.3,2915,2972,2836,2022-09-03,W - Jarno Errens,2026-05-09,L - Pat Sabatini,NA,NA
Mario Pinto,1998-03-14,FALSE,FALSE,TRUE,FALSE,FALSE,FALSE,FALSE,NA,Portugal,male,heavyweight,16,NA,16,NA,16,16,3,3,2 KO 0 Sub 1 Dec,0,0 KO 0 Sub 0 Dec,3,3,1,6.3,2915,2915,2662,2025-03-01,W - Austen Lane,2026-03-21,W - Felipe Franco,NA,NA
Kai Kamaka III,1995-01-05,FALSE,FALSE,FALSE,FALSE,FALSE,FALSE,FALSE,NA,United States,male,"featherweight, lightweight",16,NA,16,NA,16,16,5,2,0 KO 0 Sub 2 Dec,2,1 KO 0 Sub 1 Dec,1,1,1,8.8,2915,2915,2611,2020-08-15,W - Tony Kelley,2026-04-04,W - Dakota Hope,2026-07-11,Luke Riley
Esteban Ribovics,1996-04-27,FALSE,FALSE,TRUE,FALSE,FALSE,FALSE,FALSE,NA,Argentina,male,lightweight,16,NA,16,NA,16,16,7,4,1 KO 0 Sub 3 Dec,3,0 KO 1 Sub 2 Dec,-1,3,3,7.6,2914,2948,2873,2023-03-04,L - Loik Radzhabov,2026-04-11,L - Mateusz Gamrot,2026-08-15,Edson Barboza
Jeremiah Wells,1986-10-30,FALSE,FALSE,FALSE,FALSE,FALSE,FALSE,FALSE,NA,United States,male,welterweight,16,NA,16,NA,16,16,7,5,2 KO 1 Sub 2 Dec,2,0 KO 1 Sub 1 Dec,1,4,1,8.1,2914,2960,2846,2021-06-26,W - Warlley Alves,2025-11-01,W - Themba Gorimbo,2026-08-15,Myktybek Orolbai
MarQuel Mederos,1996-11-30,FALSE,FALSE,TRUE,FALSE,FALSE,FALSE,FALSE,NA,United States,male,lightweight,16,NA,16,NA,16,16,4,3,0 KO 0 Sub 3 Dec,0,0 KO 0 Sub 0 Dec,0,3,0,11.8,2913,2913,2726,2024-02-03,W - Landon Quinones,2026-04-11,D - Chris Padilla,NA,NA
Alex Perez,1992-03-21,FALSE,FALSE,TRUE,FALSE,FALSE,FALSE,FALSE,NA,United States,male,flyweight,11,NA,16,NA,4,16,15,8,4 KO 2 Sub 2 Dec,6,2 KO 3 Sub 1 Dec,0,3,3,6.5,2910,3031,2872,2017-12-09,W - Carls John de Tomas,2026-05-30,NC - Sumudaerji,NA,NA
Jonathan Martinez,1994-04-20,FALSE,FALSE,FALSE,FALSE,FALSE,FALSE,FALSE,NA,United States,male,bantamweight,16,NA,16,NA,10,16,15,10,4 KO 0 Sub 6 Dec,5,1 KO 0 Sub 4 Dec,-2,6,3,6.6,2910,3195,2770,2018-10-27,L - Andre Soukhamthath,2024-11-16,L - Marcus McGhee,NA,NA
Brandon Royval,1992-08-16,FALSE,FALSE,FALSE,FALSE,FALSE,FALSE,FALSE,NA,United States,male,flyweight,4,NA,16,NA,1,16,12,7,1 KO 3 Sub 3 Dec,5,2 KO 1 Sub 2 Dec,-2,3,6,4.2,2908,3077,2950,2020-05-30,W - Tim Elliott,2025-12-13,L - Manel Kape,2026-07-11,Lone'er Kavanagh
Vitor Petrino,1997-08-28,FALSE,FALSE,TRUE,FALSE,FALSE,FALSE,FALSE,NA,Brazil,male,heavyweight,16,NA,16,NA,15,16,9,7,2 KO 2 Sub 3 Dec,2,1 KO 1 Sub 0 Dec,3,4,3,5.9,2908,3030,2723,2023-03-11,W - Anton Turkalj,2026-03-14,W - Steven Asplund,NA,NA
Valter Walker,1997-12-14,FALSE,FALSE,FALSE,FALSE,FALSE,FALSE,FALSE,NA,"Brazil, Russia",male,heavyweight,14,NA,16,NA,13,16,5,4,0 KO 4 Sub 0 Dec,1,0 KO 0 Sub 1 Dec,4,4,2,8.6,2908,2908,2628,2024-04-06,L - Lukasz Brzeski,2025-10-25,W - Louie Sutherland,2026-07-25,Thomas Petersen
Amir Albazi,1993-10-27,FALSE,FALSE,FALSE,FALSE,FALSE,FALSE,FALSE,NA,"Iraq, Sweden",male,flyweight,7,NA,16,NA,2,16,7,5,1 KO 2 Sub 2 Dec,2,0 KO 0 Sub 2 Dec,-2,5,0,5.4,2907,3002,2881,2020-07-18,W - Malcolm Gordon,2026-02-07,L - Kyoji Horiguchi,NA,NA
Gabriel Santos,1996-11-28,FALSE,FALSE,FALSE,FALSE,FALSE,FALSE,FALSE,NA,Brazil,male,featherweight,16,NA,16,NA,16,16,4,2,0 KO 1 Sub 1 Dec,2,1 KO 0 Sub 1 Dec,2,2,0,7.2,2906,2906,2833,2023-03-18,L - Lerone Murphy,2025-02-08,W - Jack Jenkins,NA,NA
JunYong Park,1991-02-27,FALSE,FALSE,FALSE,FALSE,FALSE,FALSE,FALSE,NA,South Korea,male,middleweight,16,NA,16,NA,16,16,13,9,0 KO 3 Sub 6 Dec,4,1 KO 1 Sub 2 Dec,-1,4,1,6.4,2906,2993,2755,2019-08-31,L - Anthony Hernandez,2025-10-25,L - Ikram Aliskerov,NA,NA
Chepe Mariscal,1992-10-27,FALSE,FALSE,FALSE,FALSE,FALSE,FALSE,FALSE,NA,United States,male,featherweight,16,NA,16,NA,16,16,6,5,1 KO 0 Sub 4 Dec,1,0 KO 0 Sub 1 Dec,-1,5,1,6.8,2905,2987,2797,2023-06-24,W - Trevor Peek,2025-11-15,L - Pat Sabatini,NA,NA
Rodrigo Vera,1995-10-18,FALSE,FALSE,FALSE,FALSE,FALSE,FALSE,FALSE,NA,Peru,male,featherweight,16,NA,16,NA,16,16,1,1,1 KO 0 Sub 0 Dec,0,0 KO 0 Sub 0 Dec,1,1,0,12,2905,2905,2695,2026-05-30,W - Zhu Kangjie,2026-05-30,W - Zhu Kangjie,NA,NA
Tracy Cortez,1993-12-10,FALSE,FALSE,TRUE,FALSE,FALSE,FALSE,FALSE,NA,"Mexico, United States",female,women's flyweight,8,NA,16,NA,8,16,8,6,0 KO 0 Sub 6 Dec,2,0 KO 1 Sub 1 Dec,-1,5,0,8.1,2903,2950,2767,2019-11-16,W - Vanessa Melo,2025-11-15,L - Erin Blanchfield,2026-07-11,Wang Cong
Jose Delano,1996-09-11,FALSE,FALSE,TRUE,FALSE,FALSE,FALSE,FALSE,NA,Brazil,male,featherweight,16,NA,16,NA,16,16,1,1,0 KO 0 Sub 1 Dec,0,0 KO 0 Sub 0 Dec,1,1,0,6,2903,2903,2850,2026-04-04,W - Robert Ruchala,2026-04-04,W - Robert Ruchala,NA,NA
Randy Brown,1990-07-08,FALSE,FALSE,FALSE,FALSE,FALSE,FALSE,FALSE,NA,"Jamaica, United States",male,welterweight,16,NA,16,NA,16,16,22,14,4 KO 3 Sub 7 Dec,8,3 KO 2 Sub 3 Dec,-2,4,3,5.6,2902,3163,2817,2016-01-30,W - Matt Dwyer,2026-04-11,L - Kevin Holland,NA,NA
Brandon Moreno,1993-12-07,TRUE,FALSE,FALSE,FALSE,FALSE,FALSE,FALSE,NA,Mexico,male,flyweight,8,NA,16,NA,-1,9,20,11,3 KO 3 Sub 5 Dec,7,1 KO 0 Sub 6 Dec,-2,3,7,3.5,2900,3343,2946,2016-10-01,W - Louis Smolka,2026-02-28,L - Lone'er Kavanagh,NA,NA
Terrance McKinney,1994-09-15,FALSE,FALSE,TRUE,FALSE,FALSE,FALSE,FALSE,NA,United States,male,lightweight,16,NA,16,NA,16,16,13,8,5 KO 3 Sub 0 Dec,5,3 KO 2 Sub 0 Dec,1,2,0,7.8,2900,2900,2735,2021-06-12,W - Matt Frevola,2026-03-28,W - Kyle Nelson,2026-07-11,King Green
Geoff Neal,1990-08-28,FALSE,FALSE,TRUE,FALSE,FALSE,FALSE,FALSE,NA,United States,male,welterweight,16,NA,16,NA,6,16,14,8,5 KO 1 Sub 2 Dec,6,2 KO 1 Sub 3 Dec,-2,5,3,4.6,2900,3179,2985,2018-02-18,W - Brian Camozzi,2026-02-21,L - Uros Medic,NA,NA
Lone'er Kavanagh,1999-06-09,FALSE,FALSE,TRUE,FALSE,FALSE,FALSE,FALSE,NA,"China, United Kingdom, England",male,flyweight,6,NA,16,NA,6,16,4,3,0 KO 0 Sub 3 Dec,1,1 KO 0 Sub 0 Dec,1,2,1,6.8,2896,2896,2790,2024-11-23,W - Jose Ochoa,2026-02-28,W - Brandon Moreno,2026-07-11,Brandon Royval
Norma Dumont,1990-10-01,FALSE,FALSE,FALSE,FALSE,FALSE,FALSE,FALSE,NA,Brazil,female,women's bantamweight,4,NA,16,NA,3,15,12,9,0 KO 0 Sub 9 Dec,3,1 KO 0 Sub 2 Dec,-1,6,0,5.8,2896,3069,2711,2020-02-29,L - Megan Anderson,2026-04-25,L - Joselyne Edwards,NA,NA
Julianna Pena,1989-08-19,TRUE,FALSE,FALSE,FALSE,FALSE,FALSE,FALSE,NA,"Mexico, United States, Venezuela",female,women's bantamweight,1,NA,9,NA,-1,3,12,8,2 KO 2 Sub 4 Dec,4,0 KO 3 Sub 1 Dec,-1,4,2,3.7,2896,3015,2807,2013-11-30,W - Jessica Rakoczy,2025-06-07,L - Kayla Harrison,NA,NA
Rongzhu,2000-03-07,FALSE,TRUE,FALSE,FALSE,FALSE,FALSE,FALSE,NA,China,male,lightweight,16,NA,16,NA,16,16,6,3,1 KO 0 Sub 2 Dec,3,1 KO 1 Sub 1 Dec,2,2,1,8.3,2895,2895,2670,2021-04-24,L - Rodrigo Vargas,2025-08-23,W - Austin Hubbard,NA,NA
Luke Riley,1999-06-30,FALSE,FALSE,FALSE,FALSE,FALSE,FALSE,FALSE,NA,"United Kingdom, England",male,featherweight,16,NA,16,NA,16,16,2,2,1 KO 0 Sub 1 Dec,0,0 KO 0 Sub 0 Dec,2,2,1,4.5,2895,2895,2745,2025-11-22,W - Bogdan Grad,2026-03-21,W - Michael Aswell Jr.,2026-07-11,Kai Kamaka III
Muslim Salikhov,1984-06-09,FALSE,FALSE,FALSE,FALSE,FALSE,FALSE,FALSE,NA,Russia,male,welterweight,16,NA,16,NA,14,16,14,9,5 KO 0 Sub 4 Dec,5,3 KO 1 Sub 1 Dec,-1,5,4,5.1,2894,3108,2862,2017-11-25,L - Alex Garcia,2025-11-08,L - Uros Medic,NA,NA
Yana Santos,1989-11-11,FALSE,FALSE,FALSE,FALSE,FALSE,FALSE,FALSE,NA,Russia,female,"women's bantamweight, women's featherweight",7,NA,16,NA,5,16,12,7,0 KO 0 Sub 7 Dec,5,3 KO 0 Sub 2 Dec,3,3,0,5.6,2894,2894,2723,2018-03-03,L - Cris Cyborg,2025-10-04,W - Macy Chiasson,NA,NA
Ateba Gautier,2002-04-10,FALSE,FALSE,TRUE,FALSE,FALSE,FALSE,FALSE,NA,Cameroon,male,middleweight,16,NA,16,NA,16,16,5,5,4 KO 0 Sub 1 Dec,0,0 KO 0 Sub 0 Dec,5,5,2,7,2892,2892,2575,2025-03-29,W - Jose Medina,2026-05-09,W - Ozzy Diaz,NA,NA
Rafael Dos Anjos,1984-10-26,FALSE,FALSE,FALSE,FALSE,FALSE,FALSE,FALSE,NA,"Brazil, United States",male,"welterweight, lightweight",16,NA,16,NA,-1,4,36,21,4 KO 5 Sub 12 Dec,15,4 KO 1 Sub 10 Dec,-3,5,8,3.7,2891,3445,2969,2008-11-15,L - Jeremy Stephens,2024-10-26,L - Geoff Neal,NA,NA
Cam Rowston,1995-01-19,FALSE,FALSE,TRUE,FALSE,FALSE,FALSE,FALSE,NA,Australia,male,middleweight,16,NA,16,NA,16,16,3,3,2 KO 0 Sub 1 Dec,0,0 KO 0 Sub 0 Dec,3,3,0,7,2890,2890,2690,2025-09-28,W - Andre Petroski,2026-05-02,W - Robert Bryczek,NA,NA
Levan Chokheli,1996-10-02,FALSE,FALSE,FALSE,FALSE,FALSE,FALSE,FALSE,NA,Georgia,male,welterweight,16,NA,16,NA,16,16,1,1,1 KO 0 Sub 0 Dec,0,0 KO 0 Sub 0 Dec,1,1,0,10,2890,2890,2524,2026-06-20,W - Leon Shahbazyan,2026-06-20,W - Leon Shahbazyan,NA,NA
Jack Hermansson,1988-06-10,FALSE,FALSE,FALSE,FALSE,FALSE,FALSE,FALSE,NA,"Norway, Sweden",male,"welterweight, middleweight",16,NA,16,NA,4,16,19,11,3 KO 3 Sub 5 Dec,8,5 KO 1 Sub 2 Dec,-2,4,2,4.5,2889,3276,2945,2016-09-03,W - Scott Askham,2025-11-22,L - Myktybek Orolbai,NA,NA
Felipe Lima,1998-05-07,FALSE,FALSE,FALSE,FALSE,FALSE,FALSE,FALSE,NA,"Brazil, Sweden",male,"bantamweight, featherweight",16,NA,16,NA,16,16,3,2,0 KO 1 Sub 1 Dec,1,0 KO 0 Sub 1 Dec,-1,2,1,7.3,2884,3054,2875,2024-06-22,W - Muhammad Naimov,2025-06-28,L - Payton Talbott,NA,NA
Sean Woodson,1992-06-07,FALSE,FALSE,TRUE,FALSE,FALSE,FALSE,FALSE,NA,United States,male,featherweight,16,NA,16,NA,16,16,10,7,2 KO 0 Sub 5 Dec,2,1 KO 1 Sub 0 Dec,-1,4,0,8.1,2882,3023,2716,2019-10-18,W - Kyle Bochniak,2025-04-12,L - Dan Ige,NA,NA
Yousri Belgaroui,1992-06-02,FALSE,FALSE,TRUE,FALSE,FALSE,FALSE,FALSE,NA,"Netherlands, Tunisia",male,middleweight,16,NA,16,NA,16,16,2,2,2 KO 0 Sub 0 Dec,0,0 KO 0 Sub 0 Dec,2,2,0,8.5,2882,2882,2907,2025-10-18,W - Azamat Bekoev,2026-03-28,W - Mansur Abdul-Malik,NA,NA
Kai Asakura,1993-10-31,FALSE,FALSE,FALSE,FALSE,FALSE,FALSE,FALSE,NA,Japan,male,"bantamweight, flyweight",16,NA,16,NA,14,16,3,1,1 KO 0 Sub 0 Dec,2,0 KO 2 Sub 0 Dec,1,1,1,3.3,2881,2989,2890,2024-12-07,L - Alexandre Pantoja,2026-05-30,W - Cameron Smotherman,NA,NA
Jamall Emmers,1989-07-24,FALSE,FALSE,TRUE,FALSE,FALSE,FALSE,FALSE,NA,United States,male,featherweight,16,NA,16,NA,16,16,9,5,2 KO 0 Sub 3 Dec,4,1 KO 1 Sub 2 Dec,2,2,0,9.4,2878,2878,2692,2020-03-07,L - Giga Chikadze,2025-11-08,W - Hyder Amil,NA,NA
Jai Herbert,1988-05-13,FALSE,FALSE,FALSE,FALSE,FALSE,FALSE,FALSE,NA,"United Kingdom, England, Jamaica",male,lightweight,16,NA,16,NA,16,16,10,4,2 KO 0 Sub 2 Dec,5,2 KO 1 Sub 2 Dec,1,1,0,8.4,2878,2878,2787,2020-07-25,L - Francisco Trinaldo,2026-04-18,W - Mandel Nallo,NA,NA
Javier Reyes,1993-10-10,FALSE,FALSE,TRUE,FALSE,FALSE,FALSE,FALSE,NA,Colombia,male,featherweight,16,NA,16,NA,16,16,1,1,1 KO 0 Sub 0 Dec,0,0 KO 0 Sub 0 Dec,1,1,0,10,2877,2877,2802,2026-02-28,W - Douglas Silva de Andrade,2026-02-28,W - Douglas Silva de Andrade,2026-06-27,Kaan Ofli
Juan Diaz,1998-06-03,FALSE,FALSE,TRUE,FALSE,FALSE,FALSE,FALSE,NA,"Argentina, Mexico, Peru",male,bantamweight,16,NA,16,NA,16,16,1,1,0 KO 1 Sub 0 Dec,0,0 KO 0 Sub 0 Dec,1,1,1,3,2874,2874,2678,2026-05-16,W - Malcolm Wellmaker,2026-05-16,W - Malcolm Wellmaker,NA,NA
Chris Gutierrez,1991-04-22,FALSE,FALSE,FALSE,FALSE,FALSE,FALSE,FALSE,NA,"Colombia, Guatemala, United States",male,"bantamweight, featherweight",16,NA,16,NA,12,16,15,10,3 KO 0 Sub 7 Dec,4,0 KO 1 Sub 3 Dec,-1,4,1,8.1,2871,3005,2790,2018-11-30,L - Raoni Barcelos,2025-10-04,L - Farid Basharat,NA,NA
Dan Ige,1991-08-06,FALSE,FALSE,TRUE,FALSE,FALSE,FALSE,FALSE,NA,United States,male,featherweight,16,NA,16,NA,8,16,21,11,5 KO 1 Sub 5 Dec,10,1 KO 0 Sub 9 Dec,-2,6,4,4.6,2871,3092,2967,2018-01-20,L - Julio Arce,2026-02-21,L - Melquizael Costa,NA,NA
Kelvin Gastelum,1991-10-24,TRUE,FALSE,FALSE,FALSE,FALSE,FALSE,FALSE,NA,"Mexico, United States",male,middleweight,16,NA,16,NA,3,16,26,14,3 KO 2 Sub 9 Dec,11,0 KO 4 Sub 7 Dec,-1,5,7,3,2869,3269,3004,2013-04-13,W - Uriah Hall,2026-04-11,L - Vicente Luque,NA,NA
Derrick Lewis,1985-02-07,FALSE,FALSE,FALSE,FALSE,FALSE,FALSE,FALSE,NA,United States,male,heavyweight,11,NA,16,NA,2,16,32,20,16 KO 0 Sub 4 Dec,12,9 KO 2 Sub 1 Dec,-2,6,8,3.3,2868,3347,2922,2014-04-19,W - Jack May,2026-06-14,L - Josh Hokit,NA,NA
Ryan Spann,1991-08-24,FALSE,FALSE,TRUE,FALSE,FALSE,FALSE,FALSE,NA,United States,male,heavyweight,16,NA,16,NA,8,16,16,10,4 KO 4 Sub 2 Dec,6,3 KO 2 Sub 1 Dec,2,4,4,5.6,2866,3083,2816,2018-09-22,W - Luis Henrique Barbosa,2026-04-25,W - Marcus Buchecha,NA,NA
Mike Davis,1992-10-07,FALSE,FALSE,TRUE,FALSE,FALSE,FALSE,FALSE,NA,United States,male,lightweight,16,NA,16,NA,16,16,7,5,2 KO 1 Sub 2 Dec,2,0 KO 1 Sub 1 Dec,1,4,1,8.3,2865,2898,2791,2019-04-27,L - Gilbert Burns,2025-07-12,W - Mitch Ramirez,2026-07-25,Nurullo Aliev
Cody Garbrandt,1991-07-07,FALSE,FALSE,FALSE,FALSE,FALSE,FALSE,FALSE,NA,United States,male,bantamweight,16,NA,16,NA,-1,5,17,10,6 KO 0 Sub 4 Dec,7,4 KO 1 Sub 2 Dec,1,6,4,4.7,2864,3147,2882,2015-01-03,W - Marcus Brimage,2026-03-07,W - Xiao Long,2026-07-11,Adrian Yanez
Jacob Malkoun,1995-08-26,FALSE,FALSE,FALSE,FALSE,FALSE,FALSE,FALSE,NA,Australia,male,middleweight,16,NA,16,NA,16,16,9,6,1 KO 0 Sub 5 Dec,3,1 KO 0 Sub 1 Dec,3,3,0,7.8,2864,2864,2656,2020-10-24,L - Phil Hawes,2026-05-02,W - Gerald Meerschaert,NA,NA
Wang Cong,1992-05-15,FALSE,TRUE,FALSE,FALSE,FALSE,FALSE,FALSE,NA,China,female,women's flyweight,12,NA,16,NA,11,16,5,4,1 KO 0 Sub 3 Dec,1,0 KO 1 Sub 0 Dec,3,3,0,8.8,2863,2863,2654,2024-08-24,W - Victoria Leonardo,2026-02-07,W - Eduarda Moura,2026-07-11,Tracy Cortez
Josh Emmett,1985-03-04,FALSE,FALSE,FALSE,FALSE,FALSE,FALSE,FALSE,NA,United States,male,featherweight,15,NA,16,NA,3,16,17,10,4 KO 0 Sub 6 Dec,7,2 KO 2 Sub 3 Dec,-3,5,5,4.2,2862,3240,2977,2016-05-08,W - Jon Tuck,2026-03-14,L - Kevin Vallejos,NA,NA
Murtazali Magomedov,1999-08-26,FALSE,FALSE,TRUE,FALSE,FALSE,FALSE,FALSE,NA,Kyrgyzstan,male,featherweight,16,NA,16,NA,16,16,1,1,0 KO 1 Sub 0 Dec,0,0 KO 0 Sub 0 Dec,1,1,1,4,2862,2862,2717,2026-06-20,W - Melsik Baghdasaryan,2026-06-20,W - Melsik Baghdasaryan,NA,NA
Trey Ogden,1989-11-14,FALSE,FALSE,FALSE,FALSE,FALSE,FALSE,FALSE,NA,United States,male,lightweight,16,NA,16,NA,16,16,7,3,0 KO 0 Sub 3 Dec,3,0 KO 0 Sub 3 Dec,-1,2,0,10,2861,3011,2836,2022-04-16,L - Jordan Leavitt,2025-01-11,L - Thiago Moises,NA,NA
Tim Elliott,1986-12-24,TRUE,FALSE,FALSE,FALSE,FALSE,FALSE,FALSE,NA,United States,male,"flyweight, bantamweight",12,NA,16,NA,5,16,22,10,0 KO 3 Sub 7 Dec,12,0 KO 5 Sub 7 Dec,-1,2,6,6.5,2860,3006,2759,2012-05-05,L - John Dodson,2026-05-02,L - Steve Erceg,NA,NA
Da'Mon Blackshear,1994-08-12,FALSE,FALSE,FALSE,FALSE,FALSE,FALSE,FALSE,NA,United States,male,bantamweight,16,NA,16,NA,16,16,10,5,1 KO 3 Sub 1 Dec,4,1 KO 0 Sub 3 Dec,-1,3,2,9.4,2860,2985,2785,2022-08-13,D - Youssef Zalal,2025-07-26,L - Davey Grant,NA,NA
Daniel Santos,1995-03-12,FALSE,FALSE,FALSE,FALSE,FALSE,FALSE,FALSE,NA,Brazil,male,"featherweight, bantamweight",16,NA,16,NA,16,16,6,4,2 KO 0 Sub 2 Dec,2,1 KO 0 Sub 1 Dec,-1,4,2,7.5,2860,2982,2784,2022-04-09,L - Julio Arce,2026-05-16,L - Dooho Choi,NA,NA
Nasrat Haqparast,1995-08-22,FALSE,FALSE,FALSE,FALSE,FALSE,FALSE,FALSE,NA,"Afghanistan, Germany",male,lightweight,16,NA,16,NA,16,16,15,10,2 KO 0 Sub 8 Dec,5,2 KO 0 Sub 3 Dec,-1,5,4,6.4,2860,2995,2766,2017-10-21,L - Marcin Held,2025-10-25,L - Quillan Salkilld,NA,NA
Ignacio Bahamondes,1997-08-27,FALSE,FALSE,TRUE,FALSE,FALSE,FALSE,FALSE,NA,Chile,male,lightweight,16,NA,16,NA,15,16,10,6,3 KO 2 Sub 1 Dec,4,0 KO 0 Sub 4 Dec,-2,3,5,6.4,2856,3104,2855,2021-04-10,L - John Makdessi,2026-03-28,L - Tofiq Musayev,NA,NA
Ailin Perez,1994-10-05,FALSE,FALSE,FALSE,FALSE,FALSE,FALSE,FALSE,NA,Argentina,female,women's bantamweight,5,NA,16,NA,5,16,7,6,0 KO 1 Sub 5 Dec,1,0 KO 1 Sub 0 Dec,6,6,0,11,2856,2856,2508,2022-09-03,L - Stephanie Egger,2026-02-28,W - Macy Chiasson,NA,NA
Santiago Ponzinibbio,1986-09-26,TRUE,FALSE,FALSE,FALSE,FALSE,FALSE,FALSE,NA,Argentina,male,welterweight,16,NA,16,NA,7,16,20,12,7 KO 0 Sub 5 Dec,8,4 KO 0 Sub 4 Dec,-1,7,6,3.8,2855,3262,2852,2013-11-09,L - Ryan LaFlare,2025-05-03,L - Daniel Rodriguez,NA,NA
Aliaskhab Khizriev,1990-08-24,FALSE,FALSE,TRUE,FALSE,FALSE,FALSE,FALSE,NA,Russia,male,middleweight,16,NA,16,NA,16,16,2,1,0 KO 1 Sub 0 Dec,0,0 KO 0 Sub 0 Dec,0,1,0,7,2855,2855,2711,2022-03-26,W - Denis Tiuliulin,2024-02-03,NC - Makhmud Muradov,NA,NA
Gokhan Saricam,1991-02-26,FALSE,FALSE,FALSE,FALSE,FALSE,FALSE,FALSE,NA,"Belgium, Turkey",male,heavyweight,16,NA,16,NA,16,16,1,1,1 KO 0 Sub 0 Dec,0,0 KO 0 Sub 0 Dec,1,1,0,8,2854,2854,2696,2026-04-18,W - Tanner Boser,2026-04-18,W - Tanner Boser,NA,NA
Iasmin Lucindo,2002-01-08,FALSE,FALSE,FALSE,FALSE,FALSE,FALSE,FALSE,NA,Brazil,female,women's strawweight,16,NA,16,NA,7,16,7,5,0 KO 1 Sub 4 Dec,2,0 KO 0 Sub 2 Dec,1,4,1,4.6,2852,2852,2687,2022-08-13,L - Yazmin Jauregui,2025-08-09,W - Angela Hill,NA,NA
Alexia Thainara,1995-11-20,FALSE,FALSE,TRUE,FALSE,FALSE,FALSE,FALSE,NA,Brazil,female,women's strawweight,14,NA,16,NA,13,16,3,3,0 KO 1 Sub 2 Dec,0,0 KO 0 Sub 0 Dec,3,3,1,9.7,2851,2851,2591,2025-03-22,W - Molly McCann,2026-03-28,W - Bruna Brasil,NA,NA
Jimmy Crute,1996-03-04,FALSE,FALSE,TRUE,FALSE,FALSE,FALSE,FALSE,NA,Australia,male,light heavyweight,16,NA,16,NA,12,16,12,6,2 KO 4 Sub 0 Dec,4,2 KO 2 Sub 0 Dec,2,2,3,5.1,2849,2937,2778,2018-12-01,W - Paul Craig,2025-09-28,W - Ivan Erslan,NA,NA
Jonathan Micallef,1999-03-05,FALSE,FALSE,TRUE,FALSE,FALSE,FALSE,FALSE,NA,Australia,male,welterweight,16,NA,16,NA,16,16,3,3,0 KO 1 Sub 2 Dec,0,0 KO 0 Sub 0 Dec,3,3,0,10.7,2848,2858,2730,2025-02-08,W - Kevin Jousset,2026-05-02,W - Themba Gorimbo,NA,NA
Chris Curtis,1987-07-15,FALSE,FALSE,TRUE,FALSE,FALSE,FALSE,FALSE,NA,United States,male,"welterweight, middleweight",16,NA,16,NA,13,16,12,6,3 KO 0 Sub 3 Dec,5,1 KO 0 Sub 4 Dec,-1,3,4,5.4,2847,3123,2963,2021-11-06,W - Phil Hawes,2026-03-14,L - Myktybek Orolbai,NA,NA
Brady Hiestand,1999-04-30,TRUE,FALSE,FALSE,FALSE,FALSE,FALSE,FALSE,NA,United States,male,bantamweight,16,NA,16,NA,16,16,4,3,1 KO 1 Sub 1 Dec,1,0 KO 0 Sub 1 Dec,3,3,1,7,2846,2846,2629,2021-08-28,L - Ricky Turcios,2024-06-15,W - Garrett Armfield,NA,NA
Ricky Simon,1992-08-31,FALSE,FALSE,TRUE,FALSE,FALSE,FALSE,FALSE,NA,United States,male,bantamweight,16,NA,16,NA,9,16,17,10,2 KO 3 Sub 5 Dec,6,2 KO 0 Sub 4 Dec,0,5,4,6.5,2846,3149,2841,2018-04-21,W - Merab Dvalishvili,2026-03-28,D - Adrian Yanez,NA,NA
Luana Santos,2000-04-16,FALSE,FALSE,FALSE,FALSE,FALSE,FALSE,FALSE,NA,Brazil,female,women's bantamweight,9,NA,16,NA,9,16,7,6,1 KO 2 Sub 3 Dec,1,0 KO 0 Sub 1 Dec,3,3,0,9.9,2846,2846,2532,2023-08-12,W - Juliana Miller,2026-06-20,W - Karol Rosa,NA,NA
Adrian Yanez,1993-11-29,FALSE,FALSE,TRUE,FALSE,FALSE,FALSE,FALSE,NA,United States,male,bantamweight,16,NA,16,NA,12,16,10,6,5 KO 0 Sub 1 Dec,3,2 KO 0 Sub 1 Dec,0,5,5,5.4,2843,2923,2774,2020-10-31,W - Victor Rodriguez,2026-03-28,D - Ricky Simon,2026-07-11,Cody Garbrandt
Seokhyeon Ko,1993-09-24,FALSE,FALSE,TRUE,FALSE,FALSE,FALSE,FALSE,NA,South Korea,male,welterweight,16,NA,16,NA,16,16,2,2,0 KO 0 Sub 2 Dec,0,0 KO 0 Sub 0 Dec,2,2,0,9.5,2843,2843,2847,2025-06-21,W - Oban Elliott,2025-11-01,W - Phil Rowe,2026-07-18,Jean-Paul Lebosnoyani
Khaos Williams,1994-03-30,FALSE,FALSE,FALSE,FALSE,FALSE,FALSE,FALSE,NA,United States,male,welterweight,16,NA,16,NA,16,16,11,7,5 KO 0 Sub 2 Dec,4,0 KO 1 Sub 3 Dec,1,2,4,5.9,2843,3030,2809,2020-02-08,W - Alex Morono,2026-05-16,W - Nikolay Veretennikov,NA,NA
Louis Lee Scott,2000-02-26,FALSE,FALSE,TRUE,FALSE,FALSE,FALSE,FALSE,NA,"United Kingdom, England",male,bantamweight,16,NA,16,NA,16,16,0,NA,NA,NA,NA,NA,NA,NA,NA,2842,NA,NA,NA,NA,NA,NA,NA,NA
Victor Henry,1987-05-04,FALSE,FALSE,FALSE,FALSE,FALSE,FALSE,FALSE,NA,United States,male,bantamweight,16,NA,16,NA,16,16,7,4,1 KO 0 Sub 3 Dec,2,0 KO 1 Sub 1 Dec,1,1,0,7.6,2840,2989,2806,2022-01-22,W - Raoni Barcelos,2025-04-05,W - Pedro Falcao,NA,NA
Mick Parkin,1995-10-02,FALSE,FALSE,TRUE,FALSE,FALSE,FALSE,FALSE,NA,"United Kingdom, England",male,heavyweight,15,NA,16,NA,12,16,5,4,1 KO 0 Sub 3 Dec,1,0 KO 0 Sub 1 Dec,-1,4,1,11,2840,2903,2772,2023-07-22,W - Jamal Pogues,2025-03-22,L - Marcin Tybura,NA,NA
Charles Johnson,1991-01-10,FALSE,FALSE,FALSE,FALSE,FALSE,FALSE,FALSE,NA,United States,male,flyweight,14,NA,16,NA,12,16,14,8,3 KO 0 Sub 5 Dec,6,1 KO 0 Sub 5 Dec,1,4,3,8.4,2838,2953,2773,2022-07-23,L - Muhammad Mokaev,2026-03-14,W - Bruno Gustavo da Silva,2026-06-27,Asu Almabayev
Ion Cutelaba,1993-12-14,FALSE,FALSE,FALSE,FALSE,FALSE,FALSE,FALSE,NA,Moldova,male,light heavyweight,16,NA,16,NA,15,16,21,9,4 KO 2 Sub 3 Dec,11,4 KO 4 Sub 3 Dec,-1,2,1,5,2838,2937,2814,2016-06-18,L - Misha Cirkunov,2026-06-20,L - Navajo Stirling,NA,NA
Ante Delija,1990-08-07,FALSE,FALSE,FALSE,FALSE,FALSE,FALSE,FALSE,NA,Croatia,male,heavyweight,10,NA,16,NA,9,16,3,1,1 KO 0 Sub 0 Dec,2,1 KO 0 Sub 1 Dec,-2,1,1,4.7,2838,3058,3018,2025-09-06,W - Marcin Tybura,2026-02-21,L - Serghei Spivac,2026-08-01,Johnny Walker
Marvin Vettori,1993-09-20,FALSE,FALSE,FALSE,FALSE,FALSE,FALSE,FALSE,NA,Italy,male,middleweight,16,NA,16,NA,2,16,18,9,0 KO 2 Sub 7 Dec,8,0 KO 0 Sub 8 Dec,-4,5,4,4.9,2837,3266,2974,2016-08-20,W - Alberto Uda,2025-12-06,L - Brunno Ferreira,NA,NA
Rei Tsuruya,2002-06-22,FALSE,TRUE,FALSE,FALSE,FALSE,FALSE,FALSE,NA,Japan,male,"bantamweight, flyweight",16,NA,16,NA,16,16,3,2,0 KO 1 Sub 1 Dec,1,0 KO 0 Sub 1 Dec,1,1,0,9.3,2836,2876,2705,2024-06-29,W - Carlos Hernandez,2026-05-30,W - Luis Gurule,NA,NA
Marwan Rahiki,2002-05-10,FALSE,FALSE,TRUE,FALSE,FALSE,FALSE,FALSE,NA,Morocco,male,featherweight,16,NA,16,NA,16,16,2,2,2 KO 0 Sub 0 Dec,0,0 KO 0 Sub 0 Dec,2,2,1,4,2836,2836,2568,2026-03-14,W - Harry Hardwick,2026-05-02,W - Ollie Schmid,NA,NA
Kyle Daukaus,1993-02-27,FALSE,FALSE,TRUE,FALSE,FALSE,FALSE,FALSE,NA,United States,male,middleweight,16,NA,16,NA,16,16,10,4,1 KO 2 Sub 1 Dec,5,3 KO 0 Sub 2 Dec,-1,2,2,6.9,2834,2919,2814,2020-06-27,L - Brendan Allen,2026-06-14,L - Bo Nickal,NA,NA
Irene Aldana,1988-03-26,FALSE,FALSE,FALSE,FALSE,FALSE,FALSE,FALSE,NA,Mexico,female,women's bantamweight,6,NA,16,NA,2,12,14,8,3 KO 1 Sub 4 Dec,6,0 KO 0 Sub 6 Dec,-1,3,5,6.3,2834,2915,2692,2016-12-17,L - Leslie Smith,2024-09-14,L - Norma Dumont,NA,NA
Cody Haddon,1998-09-08,FALSE,FALSE,TRUE,FALSE,FALSE,FALSE,FALSE,NA,Australia,male,bantamweight,16,NA,16,NA,16,16,2,2,1 KO 0 Sub 1 Dec,0,0 KO 0 Sub 0 Dec,2,2,0,10,2833,2833,2660,2024-10-12,W - Dan Argueta,2026-05-30,W - Aoriqileng,NA,NA
Fatima Kline,2000-07-12,FALSE,FALSE,FALSE,FALSE,FALSE,FALSE,FALSE,NA,United States,female,women's strawweight,11,NA,16,NA,11,16,4,3,2 KO 0 Sub 1 Dec,1,0 KO 0 Sub 1 Dec,3,3,1,11.2,2833,2833,2688,2024-07-13,L - Jasmine Jasudavicius,2025-11-15,W - Angela Hill,2026-07-18,Tabatha Ricci
Jefferson Nascimento,2001-02-18,FALSE,FALSE,FALSE,FALSE,FALSE,FALSE,FALSE,NA,Brazil,male,welterweight,16,NA,16,NA,16,16,0,NA,NA,NA,NA,NA,NA,0,NA,2833,NA,2686,NA,NA,NA,NA,2026-06-27,Tahir Abdullayev
Calvin Kattar,1988-03-26,FALSE,FALSE,FALSE,FALSE,FALSE,FALSE,FALSE,NA,United States,male,featherweight,16,NA,16,NA,4,16,15,7,4 KO 0 Sub 3 Dec,8,1 KO 0 Sub 7 Dec,-5,2,5,3.7,2831,3202,3024,2017-07-29,W - Andre Fili,2025-07-12,L - Steve Garcia,NA,NA
Marcin Tybura,1985-11-09,FALSE,FALSE,FALSE,FALSE,FALSE,FALSE,FALSE,NA,Poland,male,heavyweight,12,NA,16,NA,7,16,24,14,5 KO 1 Sub 8 Dec,10,5 KO 1 Sub 4 Dec,-2,5,4,5.1,2827,3144,2877,2016-04-10,L - Tim Johnson,2026-03-28,L - Tyrell Fortune,2026-08-01,Aleksandar Rakic
Muin Gafurov,1996-05-17,FALSE,FALSE,TRUE,FALSE,FALSE,FALSE,FALSE,NA,Tajikistan,male,bantamweight,16,NA,16,NA,16,16,5,2,0 KO 0 Sub 2 Dec,3,0 KO 2 Sub 1 Dec,-1,2,0,9.2,2826,2881,2843,2023-06-03,L - John Castaneda,2026-02-07,L - Jakub Wiklacz,2026-07-25,Abdul Hussein
Piera Rodriguez,1992-11-11,FALSE,FALSE,TRUE,FALSE,FALSE,FALSE,FALSE,NA,Venezuela,female,women's strawweight,16,NA,16,NA,16,16,7,5,0 KO 0 Sub 5 Dec,2,0 KO 1 Sub 0 Dec,3,3,0,11.3,2824,2824,2634,2022-04-09,W - Kay Hansen,2026-03-14,W - Sam Hughes,NA,NA
Modestas Bukauskas,1994-02-10,FALSE,FALSE,FALSE,FALSE,FALSE,FALSE,FALSE,NA,"United Kingdom, England, Lithuania",male,light heavyweight,16,NA,16,NA,16,16,13,8,3 KO 1 Sub 4 Dec,5,4 KO 0 Sub 1 Dec,1,4,1,7.2,2823,2984,2722,2020-07-15,W - Andreas Michailidis,2026-05-16,W - Christian Edwards,NA,NA
Rafael Estevam,1996-08-10,FALSE,FALSE,TRUE,FALSE,FALSE,FALSE,FALSE,NA,Brazil,male,flyweight,16,NA,16,NA,15,16,4,3,0 KO 0 Sub 3 Dec,1,1 KO 0 Sub 0 Dec,-1,3,0,9.2,2822,2963,2733,2023-11-18,W - Charles Johnson,2026-04-04,L - Ethyn Ewing,NA,NA
Jordan Leavitt,1995-06-02,FALSE,FALSE,TRUE,FALSE,FALSE,FALSE,FALSE,NA,United States,male,"featherweight, lightweight",16,NA,16,NA,16,16,10,6,2 KO 2 Sub 2 Dec,4,0 KO 3 Sub 1 Dec,-1,2,3,8.6,2820,2923,2747,2020-12-05,W - Matt Wiman,2026-06-06,L - Joanderson Brito,NA,NA
Ismail Naurdiev,1996-08-18,FALSE,FALSE,FALSE,FALSE,FALSE,FALSE,FALSE,NA,"Austria, Morocco, Russia",male,middleweight,16,NA,16,NA,16,16,7,4,1 KO 0 Sub 3 Dec,3,0 KO 0 Sub 3 Dec,1,1,0,10.7,2820,2894,2857,2019-02-23,W - Michel Prazeres,2025-11-22,W - Ryan Loder,NA,NA
Marcio Barbosa,1998-05-22,FALSE,FALSE,TRUE,FALSE,FALSE,FALSE,FALSE,NA,Brazil,male,featherweight,16,NA,16,NA,16,16,1,1,1 KO 0 Sub 0 Dec,0,0 KO 0 Sub 0 Dec,1,1,1,6,2816,2816,2573,2026-04-18,W - Dennis Buzukja,2026-04-18,W - Dennis Buzukja,NA,NA
Charles Radtke,1990-07-09,FALSE,FALSE,FALSE,FALSE,FALSE,FALSE,FALSE,NA,United States,male,welterweight,16,NA,16,NA,16,16,7,5,2 KO 1 Sub 2 Dec,2,2 KO 0 Sub 0 Dec,2,2,1,7.9,2815,2815,2646,2023-09-09,W - Blood Diamond,2026-04-11,W - Francisco Prado,NA,NA
Tabatha Ricci,1995-02-21,FALSE,FALSE,FALSE,FALSE,FALSE,FALSE,FALSE,NA,Brazil,female,women's strawweight,8,NA,16,NA,7,16,11,7,1 KO 1 Sub 5 Dec,4,1 KO 0 Sub 3 Dec,-1,4,0,6.9,2815,2916,2732,2021-06-05,L - Manon Fiorot,2026-04-04,L - Virna Jandiroba,2026-07-18,Fatima Kline
Edgar Chairez,1996-01-27,FALSE,FALSE,TRUE,FALSE,FALSE,FALSE,FALSE,NA,Mexico,male,flyweight,15,NA,16,NA,15,16,7,4,0 KO 3 Sub 1 Dec,2,0 KO 0 Sub 2 Dec,3,3,2,6.7,2813,2813,2591,2023-07-08,L - Tatsuro Taira,2026-06-06,W - Bruno Gustavo da Silva,NA,NA
Tallison Teixeira,1999-12-07,FALSE,FALSE,TRUE,FALSE,FALSE,FALSE,FALSE,NA,Brazil,male,heavyweight,16,NA,16,NA,11,16,4,2,1 KO 0 Sub 1 Dec,2,2 KO 0 Sub 0 Dec,-1,1,1,2.8,2813,2829,2944,2025-02-08,W - Justin Tafa,2026-05-30,L - Sergei Pavlovich,NA,NA
Allan Nascimento,1991-09-11,FALSE,FALSE,TRUE,FALSE,FALSE,FALSE,FALSE,NA,Brazil,male,flyweight,16,NA,16,NA,16,16,6,4,0 KO 2 Sub 2 Dec,2,0 KO 0 Sub 2 Dec,-1,4,2,8.2,2812,2916,2712,2021-10-30,L - Tagir Ulanbekov,2026-06-20,L - Mitch Raposo,NA,NA
Sumudaerji,1996-01-20,FALSE,FALSE,FALSE,FALSE,FALSE,FALSE,FALSE,NA,China,male,flyweight,16,NA,16,NA,11,16,11,6,1 KO 0 Sub 5 Dec,4,0 KO 3 Sub 1 Dec,0,3,2,7.2,2812,2812,2687,2018-11-24,L - Louis Smolka,2026-05-30,NC - Alex Perez,NA,NA
Rob Font,1987-06-25,FALSE,FALSE,FALSE,FALSE,FALSE,FALSE,FALSE,NA,"Puerto Rico, United States",male,bantamweight,16,NA,16,NA,3,16,21,12,6 KO 1 Sub 5 Dec,9,0 KO 1 Sub 8 Dec,-2,4,5,4.3,2812,3214,2935,2014-07-05,W - George Roop,2026-03-07,L - Raul Rosas Jr.,NA,NA
Michael Johnson,1986-06-04,TRUE,FALSE,FALSE,FALSE,FALSE,FALSE,FALSE,NA,United States,male,lightweight,16,NA,16,NA,5,16,32,16,6 KO 0 Sub 10 Dec,16,4 KO 5 Sub 7 Dec,-1,4,6,4.8,2812,3055,2789,2010-12-04,L - Jonathan Brookins,2026-03-07,L - Drew Dober,NA,NA
Kyler Phillips,1995-06-12,TRUE,FALSE,TRUE,FALSE,FALSE,FALSE,FALSE,NA,United States,male,bantamweight,16,NA,16,NA,10,16,10,6,1 KO 1 Sub 4 Dec,4,0 KO 0 Sub 4 Dec,-3,3,4,5.3,2811,3076,2846,2020-02-29,W - Gabriel Silva,2026-04-18,L - Charles Jourdain,NA,NA
Abdul-Kareem Al-Selwady,1995-04-10,FALSE,FALSE,TRUE,FALSE,FALSE,FALSE,FALSE,NA,"Palestine, United States",male,lightweight,16,NA,16,NA,16,16,2,1,0 KO 0 Sub 1 Dec,1,1 KO 0 Sub 0 Dec,1,1,0,11.5,2811,2811,2753,2024-03-02,L - Loik Radzhabov,2026-03-21,W - Shem Rock,NA,NA
Morgan Charriere,1995-10-26,FALSE,FALSE,FALSE,FALSE,FALSE,FALSE,FALSE,NA,"France, NA",male,featherweight,16,NA,16,NA,16,16,6,3,3 KO 0 Sub 0 Dec,3,1 KO 0 Sub 2 Dec,-1,1,4,4.7,2809,2849,2793,2023-09-02,W - Manolo Zecchini,2025-12-13,L - Melquizael Costa,NA,NA
Joaquim Silva,1989-02-05,TRUE,FALSE,FALSE,FALSE,FALSE,FALSE,FALSE,NA,Brazil,male,lightweight,16,NA,16,NA,16,16,12,7,3 KO 0 Sub 4 Dec,5,3 KO 0 Sub 2 Dec,1,3,2,7.4,2808,2808,2776,2015-09-05,W - Nazareno Malegarie,2025-09-13,W - Claudio Puelles,NA,NA
Abdul Rakhman Yakhyaev,2001-01-03,FALSE,FALSE,TRUE,FALSE,FALSE,FALSE,FALSE,NA,"Russia, Turkey",male,light heavyweight,16,NA,16,NA,16,16,2,2,0 KO 2 Sub 0 Dec,0,0 KO 0 Sub 0 Dec,2,2,0,6.5,2807,2807,2566,2025-11-22,W - Rafael Cerqueira,2026-04-04,W - Brendson Ribeiro,2026-06-27,Julius Walker
Mateusz Rebecki,1992-10-03,FALSE,FALSE,TRUE,FALSE,FALSE,FALSE,FALSE,NA,Poland,male,lightweight,16,NA,16,NA,16,16,8,4,1 KO 1 Sub 2 Dec,4,1 KO 1 Sub 2 Dec,-3,3,3,6.8,2805,3136,2899,2023-01-14,W - Nick Fiore,2026-05-09,L - Grant Dawson,NA,NA
Ketlen Souza,1994-08-18,FALSE,FALSE,FALSE,FALSE,FALSE,FALSE,FALSE,NA,Brazil,female,women's strawweight,16,NA,16,NA,16,16,7,4,1 KO 1 Sub 2 Dec,3,0 KO 1 Sub 2 Dec,2,2,1,9,2804,2804,2644,2023-06-03,L - Karine Silva,2026-06-06,W - Ariane Carnelossi,NA,NA
Christian Rodriguez,1997-12-17,FALSE,FALSE,TRUE,FALSE,FALSE,FALSE,FALSE,NA,United States,male,featherweight,16,NA,16,NA,16,16,10,6,0 KO 2 Sub 4 Dec,4,0 KO 1 Sub 3 Dec,1,4,1,6.1,2802,2853,2732,2022-02-19,L - Jonathan Pearce,2026-06-20,W - Hyder Amil,NA,NA
Jose Delgado,1998-04-21,FALSE,FALSE,TRUE,FALSE,FALSE,FALSE,FALSE,NA,United States,male,featherweight,16,NA,16,NA,16,16,4,3,2 KO 0 Sub 1 Dec,1,0 KO 0 Sub 1 Dec,1,2,0,6.5,2801,2825,2776,2025-02-15,W - Connor Matthews,2026-03-14,W - Andre Fili,2026-07-18,Austin Bashi
Kyle Nelson,1991-04-20,FALSE,FALSE,FALSE,FALSE,FALSE,FALSE,FALSE,NA,Canada,male,"lightweight, featherweight",16,NA,16,NA,16,16,12,5,2 KO 0 Sub 3 Dec,6,4 KO 1 Sub 1 Dec,-1,3,0,7.1,2801,2963,2785,2018-12-08,L - Diego Ferreira,2026-03-28,L - Terrance McKinney,NA,NA
Said Nurmagomedov,1992-04-05,FALSE,FALSE,FALSE,FALSE,FALSE,FALSE,FALSE,NA,Russia,male,bantamweight,16,NA,16,NA,12,16,11,7,2 KO 3 Sub 2 Dec,4,0 KO 0 Sub 4 Dec,-2,4,3,7.1,2800,3101,2829,2018-07-14,W - Justin Scoggins,2025-07-26,L - Bryce Mitchell,NA,NA
Miranda Maverick,1997-07-01,FALSE,FALSE,FALSE,FALSE,FALSE,FALSE,FALSE,NA,United States,female,women's flyweight,9,NA,16,NA,9,16,12,8,1 KO 2 Sub 5 Dec,4,0 KO 0 Sub 4 Dec,-1,4,0,8.2,2800,2895,2608,2020-10-24,W - Liana Jojua,2025-06-14,L - Rose Namajunas,NA,NA
Islam Dulatov,1998-08-02,FALSE,FALSE,TRUE,FALSE,FALSE,FALSE,FALSE,NA,"Germany, Russia",male,welterweight,16,NA,16,NA,16,16,1,1,1 KO 0 Sub 0 Dec,0,0 KO 0 Sub 0 Dec,1,1,1,10,2799,2799,2564,2025-07-19,W - Adam Fugitt,2025-07-19,W - Adam Fugitt,2026-07-25,Wellington Turman
Keiichiro Nakamura,1998-12-02,FALSE,TRUE,FALSE,FALSE,FALSE,FALSE,FALSE,NA,Japan,NA,,16,NA,16,NA,16,16,0,NA,NA,NA,NA,NA,NA,NA,NA,2799,NA,NA,NA,NA,NA,NA,NA,NA
Casey O'Neill,1997-10-07,FALSE,FALSE,FALSE,FALSE,FALSE,FALSE,FALSE,NA,"Australia, Scotland",female,women's flyweight,11,NA,16,NA,10,16,8,6,3 KO 1 Sub 2 Dec,2,0 KO 1 Sub 1 Dec,2,4,1,8.4,2797,2797,2612,2021-02-20,W - Shana Dobson,2026-03-28,W - Gabriella Fernandes,NA,NA
Iwo Baraniewski,1998-11-20,FALSE,FALSE,TRUE,FALSE,FALSE,FALSE,FALSE,NA,Poland,male,light heavyweight,16,NA,16,NA,16,16,3,3,3 KO 0 Sub 0 Dec,0,0 KO 0 Sub 0 Dec,3,3,3,7,2796,2796,2520,2025-12-06,W - Ibo Aslan,2026-06-06,W - Junior Tafa,NA,NA
Brando Pericic,1994-08-03,FALSE,FALSE,FALSE,FALSE,FALSE,FALSE,FALSE,NA,"Australia, Croatia",male,heavyweight,13,NA,16,NA,13,16,3,3,3 KO 0 Sub 0 Dec,0,0 KO 0 Sub 0 Dec,3,3,2,9,2794,2794,2612,2025-09-28,W - Elisha Ellison,2026-05-02,W - Shamil Gaziev,NA,NA
Claudio Puelles,1996-04-21,TRUE,FALSE,FALSE,FALSE,FALSE,FALSE,FALSE,NA,Peru,male,lightweight,16,NA,16,NA,16,16,9,5,0 KO 3 Sub 2 Dec,4,2 KO 0 Sub 2 Dec,-3,5,2,8.7,2793,3015,2734,2016-11-05,L - Martin Bravo,2025-09-13,L - Joaquim Silva,NA,NA
Loopy Godinez,1993-09-06,FALSE,FALSE,FALSE,FALSE,FALSE,FALSE,FALSE,NA,"Canada, Mexico",female,women's strawweight,6,NA,16,NA,6,16,15,9,0 KO 2 Sub 7 Dec,6,0 KO 1 Sub 5 Dec,-1,4,1,7.7,2793,2827,2650,2021-04-17,L - Jessica Penne,2026-04-11,L - Tatiana Suarez,NA,NA
Miles Johns,1994-03-30,FALSE,FALSE,TRUE,FALSE,FALSE,FALSE,FALSE,NA,United States,male,"bantamweight, featherweight",16,NA,16,NA,16,16,12,7,2 KO 0 Sub 5 Dec,5,1 KO 2 Sub 2 Dec,-3,4,2,8,2792,3036,2757,2019-09-14,W - Cole Smith,2025-11-08,L - Daniel Marcos,NA,NA
Muhammad Naimov,1994-08-07,FALSE,FALSE,TRUE,FALSE,FALSE,FALSE,FALSE,NA,Tajikistan,male,featherweight,16,NA,16,NA,16,16,7,5,2 KO 0 Sub 3 Dec,2,1 KO 1 Sub 0 Dec,-1,3,1,9.4,2792,2891,2769,2023-06-03,W - Jamie Mullarkey,2025-12-06,L - Mairon Santos,NA,NA
Hecher Sosa,1995-08-25,FALSE,FALSE,TRUE,FALSE,FALSE,FALSE,FALSE,NA,Spain,male,bantamweight,16,NA,16,NA,16,16,1,1,0 KO 0 Sub 1 Dec,0,0 KO 0 Sub 0 Dec,1,1,0,13,2791,2791,2613,2026-03-14,W - Luan Lacerda,2026-03-14,W - Luan Lacerda,NA,NA
Darren Elkins,1984-05-16,FALSE,FALSE,FALSE,FALSE,FALSE,FALSE,FALSE,NA,United States,male,featherweight,16,NA,16,NA,9,16,30,19,4 KO 3 Sub 12 Dec,11,4 KO 1 Sub 6 Dec,-1,6,4,7,2790,3086,2766,2010-03-21,W - Duane Ludwig,2025-04-12,L - Julian Erosa,NA,NA
Michel Pereira,1993-10-06,FALSE,FALSE,FALSE,FALSE,FALSE,FALSE,FALSE,NA,Brazil,male,middleweight,16,NA,16,NA,13,16,15,10,2 KO 3 Sub 5 Dec,5,2 KO 0 Sub 2 Dec,1,8,6,4.8,2789,3146,2825,2019-05-18,W - Danny Roberts,2026-02-21,W - Zachary Reese,2026-06-27,Shara Magomedov
Katlyn Cerminara,1988-12-28,FALSE,FALSE,FALSE,FALSE,FALSE,FALSE,FALSE,NA,United States,female,women's flyweight,16,NA,16,NA,1,8,17,11,0 KO 0 Sub 11 Dec,6,2 KO 0 Sub 4 Dec,-2,4,1,6.8,2789,3038,2746,2016-07-13,W - Lauren Murphy,2024-03-09,L - Maycee Barber,NA,NA
Axel Sola,1997-09-17,FALSE,FALSE,FALSE,FALSE,FALSE,FALSE,FALSE,NA,France,male,"lightweight, welterweight",16,NA,16,NA,16,16,2,1,1 KO 0 Sub 0 Dec,1,0 KO 0 Sub 1 Dec,-1,1,1,6,2789,2866,2830,2025-09-06,W - Rhys McKee,2026-03-21,L - Mason Jones,2026-07-25,Ismael Bonfim
Michelle Montague,1993-11-25,FALSE,FALSE,FALSE,FALSE,FALSE,FALSE,FALSE,NA,New Zealand,female,women's bantamweight,14,NA,16,NA,11,16,2,2,0 KO 0 Sub 2 Dec,0,0 KO 0 Sub 0 Dec,2,2,0,9.5,2788,2788,2634,2025-09-28,W - Luana Carolina,2026-04-25,W - Mayra Bueno Silva,NA,NA
Edson Barboza,1986-01-21,FALSE,FALSE,FALSE,FALSE,FALSE,FALSE,FALSE,NA,Brazil,male,lightweight,16,NA,16,NA,3,16,32,18,8 KO 1 Sub 9 Dec,14,5 KO 2 Sub 7 Dec,-3,4,13,3.9,2787,3242,2897,2010-11-20,W - Mike Lullo,2025-12-06,L - Jalin Turner,2026-08-15,Esteban Ribovics
Chidi Njokuani,1988-12-31,FALSE,FALSE,TRUE,FALSE,FALSE,FALSE,FALSE,NA,"Nigeria, United States",male,welterweight,16,NA,16,NA,16,16,10,5,3 KO 0 Sub 2 Dec,5,2 KO 1 Sub 2 Dec,-2,3,3,5.4,2786,2987,2842,2022-02-05,W - Marc-Andre Barriault,2026-02-21,L - Carlos Leal,NA,NA
Benardo Sopaj,2000-09-25,FALSE,FALSE,FALSE,FALSE,FALSE,FALSE,FALSE,NA,"Albania, Greece, Sweden",male,bantamweight,16,NA,16,NA,16,16,3,2,0 KO 1 Sub 1 Dec,1,1 KO 0 Sub 0 Dec,2,2,1,8,2785,2785,2658,2024-03-02,L - Vinicius Oliveira,2026-05-16,W - Timmy Cuamba,NA,NA
Cesar Almeida,1988-03-28,FALSE,FALSE,TRUE,FALSE,FALSE,FALSE,FALSE,NA,Brazil,male,middleweight,16,NA,16,NA,16,16,5,3,2 KO 0 Sub 1 Dec,2,0 KO 0 Sub 2 Dec,-1,2,2,6.4,2784,2860,2762,2024-04-06,W - Dylan Budka,2025-12-13,L - Cezary Oleksiejczuk,2026-07-11,Damian Pinas
Rinya Nakamura,1995-03-23,FALSE,TRUE,FALSE,FALSE,FALSE,FALSE,FALSE,NA,Japan,male,bantamweight,16,NA,16,NA,16,16,5,4,2 KO 0 Sub 2 Dec,1,0 KO 0 Sub 1 Dec,1,3,1,7.6,2783,2824,2601,2023-02-04,W - Toshiomi Kazama,2025-08-02,W - Nathan Fletcher,NA,NA
Jingnan Xiong,1988-01-12,FALSE,FALSE,FALSE,FALSE,FALSE,FALSE,FALSE,NA,China,female,women's strawweight,16,NA,16,NA,16,16,1,0,0 KO 0 Sub 0 Dec,1,0 KO 0 Sub 1 Dec,-1,-1,0,11,2781,2781,2591,2026-05-30,L - Angela Hill,2026-05-30,L - Angela Hill,NA,NA
Amanda Lemos,1987-05-22,FALSE,FALSE,FALSE,FALSE,FALSE,FALSE,FALSE,NA,Brazil,female,women's strawweight,7,NA,16,NA,3,9,15,9,3 KO 2 Sub 4 Dec,6,1 KO 2 Sub 3 Dec,-2,5,3,5.4,2780,2989,2814,2017-07-16,L - Leslie Smith,2026-03-14,L - Gillian Robertson,NA,NA
Austin Bashi,2001-09-29,FALSE,FALSE,TRUE,FALSE,FALSE,FALSE,FALSE,NA,United States,male,featherweight,16,NA,16,NA,16,16,2,1,0 KO 1 Sub 0 Dec,1,0 KO 0 Sub 1 Dec,1,1,0,7.5,2780,2780,2710,2025-01-11,L - Christian Rodriguez,2025-08-02,W - John Yannis,2026-07-18,Jose Delgado
Giga Chikadze,1988-08-25,FALSE,FALSE,TRUE,FALSE,FALSE,FALSE,FALSE,NA,Georgia,male,featherweight,16,NA,16,NA,7,16,12,8,3 KO 0 Sub 5 Dec,4,1 KO 0 Sub 3 Dec,-3,7,4,5,2779,3128,2873,2019-09-28,W - Brandon Davis,2025-12-13,L - Kevin Vallejos,NA,NA
Jared Gordon,1988-09-06,FALSE,FALSE,FALSE,FALSE,FALSE,FALSE,FALSE,NA,United States,male,lightweight,16,NA,16,NA,16,16,18,9,3 KO 0 Sub 6 Dec,8,4 KO 2 Sub 2 Dec,-2,3,1,6.6,2779,3033,2825,2017-06-25,W - Michel Quinones,2026-05-09,L - Jim Miller,NA,NA
Ramiro Jimenez,1999-01-16,FALSE,FALSE,TRUE,FALSE,FALSE,FALSE,FALSE,NA,Mexico,male,featherweight,16,NA,16,NA,16,16,0,NA,NA,NA,NA,NA,NA,NA,NA,2778,NA,NA,NA,NA,NA,NA,NA,NA
Billy Elekana,1995-05-28,FALSE,FALSE,FALSE,FALSE,FALSE,FALSE,FALSE,NA,"United States, Samoa",male,light heavyweight,16,NA,16,NA,16,16,4,3,0 KO 2 Sub 1 Dec,1,0 KO 1 Sub 0 Dec,3,3,0,7.8,2775,2775,2628,2025-01-18,L - Bogdan Guskov,2026-02-01,W - Junior Tafa,NA,NA
Kaan Ofli,1993-06-19,TRUE,FALSE,FALSE,FALSE,FALSE,FALSE,FALSE,NA,"Australia, Turkey",male,featherweight,16,NA,16,NA,16,16,4,2,0 KO 1 Sub 1 Dec,2,1 KO 0 Sub 1 Dec,2,2,0,6.2,2774,2774,2735,2024-08-24,L - Mairon Santos,2026-02-01,W - Yizha,2026-06-27,Javier Reyes
Rodolfo Bellato,1996-02-05,FALSE,FALSE,TRUE,FALSE,FALSE,FALSE,FALSE,NA,Brazil,male,light heavyweight,16,NA,16,NA,16,16,5,2,2 KO 0 Sub 0 Dec,1,0 KO 0 Sub 1 Dec,1,1,2,7.8,2774,2818,2714,2023-12-02,W - Ihor Potieria,2026-03-07,W - Luke Fernandez,NA,NA
Angela Hill,1985-01-12,TRUE,FALSE,FALSE,FALSE,FALSE,FALSE,FALSE,NA,United States,female,women's strawweight,12,NA,16,NA,9,16,30,14,2 KO 1 Sub 11 Dec,16,0 KO 2 Sub 14 Dec,1,3,5,6.8,2770,2858,2628,2014-12-12,W - Emily Kagan,2026-05-30,W - Jingnan Xiong,NA,NA
Jack Jenkins,1993-11-03,FALSE,FALSE,TRUE,FALSE,FALSE,FALSE,FALSE,NA,Australia,male,featherweight,16,NA,16,NA,16,16,6,4,1 KO 0 Sub 3 Dec,2,1 KO 1 Sub 0 Dec,1,2,0,7.8,2769,2837,2707,2023-02-11,W - Don Shainis,2025-09-28,W - Ramon Taveras,NA,NA
Kody Steele,1995-04-21,FALSE,FALSE,TRUE,FALSE,FALSE,FALSE,FALSE,NA,United States,male,lightweight,16,NA,16,NA,16,16,2,1,0 KO 1 Sub 0 Dec,1,0 KO 0 Sub 1 Dec,1,1,1,11.5,2769,2769,2760,2025-02-08,L - Rongzhu,2026-05-02,W - Dom Mar Fan,NA,NA
Lance Gibson Jr.,1995-02-02,FALSE,FALSE,FALSE,FALSE,FALSE,FALSE,FALSE,NA,Canada,male,lightweight,16,NA,16,NA,16,16,2,1,1 KO 0 Sub 0 Dec,1,0 KO 0 Sub 1 Dec,1,1,0,7,2768,2768,2862,2025-12-13,L - King Green,2026-03-28,W - Chase Hooper,NA,NA
Serhiy Sidey,1996-07-04,FALSE,FALSE,TRUE,FALSE,FALSE,FALSE,FALSE,NA,"Canada, Ukraine",male,bantamweight,16,NA,16,NA,16,16,3,2,0 KO 0 Sub 2 Dec,1,0 KO 0 Sub 1 Dec,2,2,0,8,2767,2767,2620,2024-01-20,L - Ramon Taveras,2025-05-03,W - Cameron Smotherman,NA,NA
Talita Alencar,1990-10-17,FALSE,FALSE,TRUE,FALSE,FALSE,FALSE,FALSE,NA,Brazil,female,women's strawweight,16,NA,16,NA,16,16,5,4,0 KO 1 Sub 3 Dec,1,0 KO 0 Sub 1 Dec,3,3,0,11.8,2765,2765,2573,2023-12-09,W - Rayanne dos Santos,2026-04-25,W - Julia Polastri,NA,NA
Yadier del Valle,1996-07-29,FALSE,FALSE,TRUE,FALSE,FALSE,FALSE,FALSE,NA,Cuba,male,featherweight,16,NA,16,NA,16,16,3,2,0 KO 2 Sub 0 Dec,1,0 KO 0 Sub 1 Dec,-1,2,0,8,2765,2892,2632,2025-05-17,W - Connor Matthews,2026-02-21,L - Jordan Leavitt,NA,NA
Alden Coria,1998-04-24,FALSE,FALSE,FALSE,FALSE,FALSE,FALSE,FALSE,NA,United States,male,flyweight,16,NA,16,NA,16,16,2,2,1 KO 0 Sub 1 Dec,0,0 KO 0 Sub 0 Dec,2,2,0,10.5,2765,2765,2558,2025-09-13,W - Alessandro Costa,2026-02-21,W - Luis Gurule,2026-07-18,Stewart Nicoll
Dakota Hope,1997-01-29,FALSE,FALSE,FALSE,FALSE,FALSE,FALSE,FALSE,NA,United States,male,lightweight,16,NA,16,NA,16,16,1,0,0 KO 0 Sub 0 Dec,1,0 KO 0 Sub 1 Dec,-1,-1,0,13,2765,2765,2928,2026-04-04,L - Kai Kamaka III,2026-04-04,L - Kai Kamaka III,NA,NA
Julian Erosa,1989-07-31,TRUE,FALSE,TRUE,FALSE,FALSE,FALSE,FALSE,NA,United States,male,featherweight,16,NA,16,NA,16,16,18,9,2 KO 4 Sub 3 Dec,9,7 KO 0 Sub 2 Dec,-2,3,2,7.1,2764,2994,2773,2015-12-11,W - Marcin Wrzosek,2026-03-28,L - Lerryan Douglas,NA,NA
Imanol Rodriguez,1999-11-15,TRUE,FALSE,TRUE,FALSE,FALSE,FALSE,FALSE,NA,Mexico,male,flyweight,16,NA,16,NA,16,16,1,1,1 KO 0 Sub 0 Dec,0,0 KO 0 Sub 0 Dec,1,1,1,5,2764,2764,2549,2026-02-28,W - Kevin Borjas,2026-02-28,W - Kevin Borjas,NA,NA
SuYoung You,1995-12-11,FALSE,TRUE,FALSE,FALSE,FALSE,FALSE,FALSE,NA,South Korea,male,bantamweight,16,NA,16,NA,16,16,4,3,0 KO 0 Sub 3 Dec,1,0 KO 1 Sub 0 Dec,-1,3,0,8.8,2760,2882,2684,2024-11-23,W - Baergeng Jieleyisi,2026-03-14,L - Elijah Smith,NA,NA
Jaqueline Amorim,1995-06-24,FALSE,FALSE,FALSE,FALSE,FALSE,FALSE,FALSE,NA,Brazil,female,women's strawweight,16,NA,16,NA,16,16,7,5,1 KO 4 Sub 0 Dec,2,0 KO 0 Sub 2 Dec,1,4,1,11.7,2760,2824,2578,2023-04-08,L - Sam Hughes,2026-05-30,W - Loma Lookboonmee,NA,NA
Alessandro Costa,1996-01-28,FALSE,FALSE,TRUE,FALSE,FALSE,FALSE,FALSE,NA,"Brazil, Mexico",male,flyweight,16,NA,16,NA,16,16,7,4,4 KO 0 Sub 0 Dec,3,2 KO 0 Sub 1 Dec,2,2,3,7.9,2759,2759,2668,2022-12-17,L - Amir Albazi,2026-06-06,W - Matt Schnell,NA,NA
Abdul Hussein,1997-08-02,FALSE,FALSE,FALSE,FALSE,FALSE,FALSE,FALSE,NA,"Finland, Palestine",male,bantamweight,16,NA,16,NA,16,16,0,NA,NA,NA,NA,NA,NA,0,NA,2759,NA,2826,NA,NA,NA,NA,2026-07-25,Muin Gafurov
Gabe Green,1993-05-02,FALSE,FALSE,FALSE,FALSE,FALSE,FALSE,FALSE,NA,United States,male,"lightweight, welterweight",16,NA,16,NA,16,16,6,3,1 KO 1 Sub 1 Dec,3,1 KO 0 Sub 2 Dec,1,2,0,8.2,2758,2861,2744,2020-05-30,L - Daniel Rodriguez,2025-05-17,W - Matheus Camilo,NA,NA
Ramiz Brahimaj,1992-11-17,FALSE,FALSE,FALSE,FALSE,FALSE,FALSE,FALSE,NA,"Albania, United States, Kosovo",male,welterweight,16,NA,16,NA,16,16,9,5,1 KO 4 Sub 0 Dec,4,1 KO 0 Sub 3 Dec,-1,3,2,8.7,2753,2843,2628,2020-11-07,L - Max Griffin,2026-02-21,L - Punahele Soriano,NA,NA
Mizuki,1994-08-19,FALSE,FALSE,FALSE,FALSE,FALSE,FALSE,FALSE,NA,Japan,female,women's strawweight,15,NA,16,NA,15,16,4,3,0 KO 0 Sub 3 Dec,1,0 KO 0 Sub 1 Dec,2,2,0,8.5,2751,2751,2576,2019-08-31,W - Yanan Wu,2025-10-25,W - Jaqueline Amorim,NA,NA
Francis Marshall,1999-03-03,FALSE,FALSE,TRUE,FALSE,FALSE,FALSE,FALSE,NA,United States,male,"lightweight, featherweight",16,NA,16,NA,16,16,7,4,1 KO 1 Sub 2 Dec,3,1 KO 0 Sub 2 Dec,2,2,0,10.1,2750,2750,2598,2022-12-03,W - Marcelo Rojo,2026-04-25,W - Lucas Brennan,NA,NA
Danny Silva,1997-01-30,FALSE,FALSE,TRUE,FALSE,FALSE,FALSE,FALSE,NA,"Mexico, United States",male,featherweight,16,NA,16,NA,16,16,4,3,1 KO 0 Sub 2 Dec,1,0 KO 0 Sub 1 Dec,1,2,0,7.5,2746,2746,2722,2024-03-16,W - Josh Culibao,2026-03-21,W - Kurtis Campbell,NA,NA
Zhang Mingyang,1998-08-16,FALSE,TRUE,FALSE,FALSE,FALSE,FALSE,FALSE,NA,China,male,light heavyweight,16,NA,16,NA,13,16,5,3,3 KO 0 Sub 0 Dec,2,2 KO 0 Sub 0 Dec,-2,3,4,4,2745,2940,2781,2024-02-17,W - Brendson Ribeiro,2026-05-30,L - Alonzo Menifield,NA,NA
Nyamjargal Tumendemberel,1998-03-22,FALSE,TRUE,FALSE,FALSE,FALSE,FALSE,FALSE,NA,Mongolia,male,flyweight,16,NA,16,NA,16,16,3,2,0 KO 1 Sub 1 Dec,1,0 KO 0 Sub 1 Dec,2,2,0,11,2743,2743,2552,2024-11-23,L - Carlos Hernandez,2026-03-07,W - Cody Durden,NA,NA
Nikolas Motta,1993-02-08,TRUE,FALSE,TRUE,FALSE,FALSE,FALSE,FALSE,NA,Brazil,male,lightweight,16,NA,16,NA,16,16,7,3,2 KO 0 Sub 1 Dec,3,3 KO 0 Sub 0 Dec,-1,2,2,9,2743,2809,2717,2022-02-19,L - Jim Miller,2025-06-21,L - Nazim Sadykhov,NA,NA
Carlston Harris,1987-07-09,FALSE,FALSE,FALSE,FALSE,FALSE,FALSE,FALSE,NA,"Brazil, Guyana",male,welterweight,16,NA,16,NA,16,16,8,4,1 KO 2 Sub 1 Dec,4,3 KO 0 Sub 1 Dec,-3,2,2,6.8,2743,3054,2862,2021-05-08,W - Christian Aguilera,2026-05-30,L - Jake Matthews,NA,NA
Trey Waters,1995-02-21,FALSE,FALSE,TRUE,FALSE,FALSE,FALSE,FALSE,NA,United States,male,welterweight,16,NA,16,NA,16,16,3,2,0 KO 0 Sub 2 Dec,1,1 KO 0 Sub 0 Dec,-1,2,1,8.7,2743,2840,2764,2023-04-29,W - Josh Quinlan,2025-09-06,L - Sam Patterson,NA,NA
JJ Aldrich,1992-09-29,TRUE,FALSE,FALSE,FALSE,FALSE,FALSE,FALSE,NA,United States,female,women's flyweight,14,NA,16,NA,14,16,17,11,1 KO 0 Sub 10 Dec,6,1 KO 1 Sub 4 Dec,2,3,0,10.3,2743,2743,2521,2016-12-09,L - Juliana Lima,2026-04-18,W - Jamey-Lyn Horth,NA,NA
Matt Frevola,1990-06-11,FALSE,FALSE,TRUE,FALSE,FALSE,FALSE,FALSE,NA,United States,male,lightweight,16,NA,16,NA,14,16,12,5,3 KO 0 Sub 2 Dec,6,4 KO 0 Sub 2 Dec,-3,3,1,7.1,2742,3028,2813,2018-01-14,L - Polo Reyes,2025-10-18,L - Kyle Nelson,NA,NA
Oumar Sy,1995-11-21,FALSE,FALSE,FALSE,FALSE,FALSE,FALSE,FALSE,NA,France,male,light heavyweight,16,NA,16,NA,16,16,5,3,1 KO 1 Sub 1 Dec,2,0 KO 1 Sub 1 Dec,-1,2,0,6.6,2742,2896,2722,2024-05-18,W - Tuco Tokkos,2026-03-14,L - Ion Cutelaba,NA,NA
Jose Ochoa,2000-12-31,FALSE,FALSE,FALSE,FALSE,FALSE,FALSE,FALSE,NA,Peru,male,flyweight,16,NA,16,NA,16,16,4,2,1 KO 0 Sub 1 Dec,2,0 KO 0 Sub 2 Dec,1,1,1,9.5,2741,2741,2740,2024-11-23,L - Lone'er Kavanagh,2026-05-09,W - Clayton Carpenter,NA,NA
JooSang Yoo,1994-01-21,FALSE,FALSE,FALSE,FALSE,FALSE,FALSE,FALSE,NA,South Korea,male,featherweight,16,NA,16,NA,16,16,2,1,1 KO 0 Sub 0 Dec,1,1 KO 0 Sub 0 Dec,-1,1,1,9,2740,2813,2714,2025-06-07,W - Jeka Saragih,2025-10-04,L - Daniel Santos,NA,NA
Evan Elder,1997-04-11,FALSE,FALSE,FALSE,FALSE,FALSE,FALSE,FALSE,NA,United States,male,"lightweight, welterweight",16,NA,16,NA,16,16,5,3,0 KO 1 Sub 2 Dec,2,1 KO 0 Sub 1 Dec,3,3,1,9,2738,2738,2579,2022-04-23,L - Preston Parsons,2025-04-26,W - Gauge Young,NA,NA
Damian Pinas,2002-03-12,FALSE,FALSE,TRUE,FALSE,FALSE,FALSE,FALSE,NA,"Aruba, Suriname",male,middleweight,16,NA,16,NA,16,16,1,1,1 KO 0 Sub 0 Dec,0,0 KO 0 Sub 0 Dec,1,1,0,13,2738,2738,2667,2026-02-28,W - Wes Schultz,2026-02-28,W - Wes Schultz,2026-07-11,Cesar Almeida
John Castaneda,1991-12-18,FALSE,FALSE,TRUE,FALSE,FALSE,FALSE,FALSE,NA,United States,male,"featherweight, bantamweight",16,NA,16,NA,16,16,9,4,1 KO 1 Sub 2 Dec,4,1 KO 0 Sub 3 Dec,0,2,1,9.7,2737,2928,2765,2020-07-25,L - Nathaniel Wood,2026-04-18,D - Mark Vologdin,NA,NA
Ismael Bonfim,1995-12-28,FALSE,FALSE,TRUE,FALSE,FALSE,FALSE,FALSE,NA,Brazil,male,lightweight,16,NA,16,NA,16,16,5,2,1 KO 0 Sub 1 Dec,3,2 KO 1 Sub 0 Dec,-2,1,1,7.4,2735,3021,2819,2023-01-21,W - Terrance McKinney,2025-11-08,L - Chris Padilla,2026-07-25,Axel Sola
Eric McConico,1990-05-09,FALSE,FALSE,FALSE,FALSE,FALSE,FALSE,FALSE,NA,United States,male,"middleweight, light heavyweight",16,NA,16,NA,16,16,4,2,0 KO 0 Sub 2 Dec,2,2 KO 0 Sub 0 Dec,1,1,0,10.8,2733,2733,2749,2025-02-22,L - Nursulton Ruziboev,2026-04-25,W - Rodolfo Vieira,2026-08-08,Donte Johnson
Jean-Paul Lebosnoyani,1999-01-27,FALSE,FALSE,TRUE,FALSE,FALSE,FALSE,FALSE,NA,United States,male,welterweight,16,NA,16,NA,16,16,1,1,0 KO 0 Sub 1 Dec,0,0 KO 0 Sub 0 Dec,1,1,0,12,2732,2732,2779,2026-02-21,W - Phil Rowe,2026-02-21,W - Phil Rowe,2026-07-18,Seokhyeon Ko
Robert Ruchala,1998-05-15,FALSE,FALSE,FALSE,FALSE,FALSE,FALSE,FALSE,NA,Poland,male,featherweight,16,NA,16,NA,16,16,2,0,0 KO 0 Sub 0 Dec,2,0 KO 0 Sub 2 Dec,-2,-1,0,6,2731,2850,2806,2025-09-06,L - William Gomis,2026-04-04,L - Jose Delano,NA,NA
Tommy McMillen,1997-12-15,FALSE,FALSE,TRUE,FALSE,FALSE,FALSE,FALSE,NA,United States,male,featherweight,16,NA,16,NA,16,16,1,1,1 KO 0 Sub 0 Dec,0,0 KO 0 Sub 0 Dec,1,1,1,5,2731,2731,2520,2026-04-04,W - Manolo Zecchini,2026-04-04,W - Manolo Zecchini,2026-07-18,Alberto Montes
Victor Valenzuela,1994-02-09,FALSE,FALSE,TRUE,FALSE,FALSE,FALSE,FALSE,NA,Chile,male,welterweight,16,NA,16,NA,16,16,1,1,0 KO 0 Sub 1 Dec,0,0 KO 0 Sub 0 Dec,1,1,0,12,2730,2730,2810,2026-04-25,W - Max Griffin,2026-04-25,W - Max Griffin,NA,NA
Jacqueline Cavalcanti,1997-08-29,FALSE,FALSE,FALSE,FALSE,FALSE,FALSE,FALSE,NA,Portugal,female,women's bantamweight,10,NA,16,NA,9,16,6,5,0 KO 0 Sub 5 Dec,1,0 KO 0 Sub 1 Dec,-1,5,0,10.5,2728,2789,2616,2023-09-02,W - Zarah Fairn,2026-05-16,L - Ketlen Vieira,NA,NA
Santiago Luna,2004-08-06,FALSE,FALSE,FALSE,FALSE,FALSE,FALSE,FALSE,NA,"Mexico, United States",male,bantamweight,16,NA,16,NA,16,16,3,2,1 KO 0 Sub 1 Dec,1,0 KO 1 Sub 0 Dec,-1,2,1,5.3,2727,2767,2693,2025-09-13,W - Quang Le,2026-06-06,L - Bryce Mitchell,NA,NA
Mansur Abdul-Malik,1997-10-07,FALSE,FALSE,TRUE,FALSE,FALSE,FALSE,FALSE,NA,United States,male,middleweight,16,NA,16,NA,16,16,5,4,2 KO 1 Sub 1 Dec,1,1 KO 0 Sub 0 Dec,-1,4,1,7.2,2725,2852,2612,2024-11-09,W - Dusko Todorovic,2026-03-28,L - Yousri Belgaroui,2026-08-15,Dustin Stoltzfus
Taiyilake Nueraji,2001-01-12,FALSE,TRUE,FALSE,FALSE,FALSE,FALSE,FALSE,NA,China,male,welterweight,16,NA,16,NA,16,16,1,1,1 KO 0 Sub 0 Dec,0,0 KO 0 Sub 0 Dec,1,1,0,5,2724,2724,2404,2025-08-23,W - Kiefer Crosbie,2025-08-23,W - Kiefer Crosbie,NA,NA
Alatengheili,1991-12-14,FALSE,FALSE,FALSE,FALSE,FALSE,FALSE,FALSE,NA,China,male,bantamweight,16,NA,16,NA,16,16,9,5,1 KO 0 Sub 4 Dec,3,0 KO 0 Sub 3 Dec,-1,2,1,11.3,2723,2794,2695,2019-08-31,W - Batgerel Danaa,2025-04-26,L - Da'Mon Blackshear,NA,NA
Jhonata Diniz,1991-06-23,FALSE,FALSE,TRUE,FALSE,FALSE,FALSE,FALSE,NA,Brazil,male,heavyweight,16,NA,16,NA,15,16,5,3,1 KO 0 Sub 2 Dec,2,2 KO 0 Sub 0 Dec,-1,2,1,7.2,2722,2852,2762,2024-04-27,W - Austen Lane,2025-10-11,L - Mario Pinto,NA,NA
Austin Vanderford,1990-03-21,FALSE,FALSE,TRUE,FALSE,FALSE,FALSE,FALSE,NA,United States,male,welterweight,16,NA,16,NA,16,16,2,1,1 KO 0 Sub 0 Dec,1,0 KO 1 Sub 0 Dec,-1,1,0,11.5,2722,2868,2698,2025-02-22,W - Nikolay Veretennikov,2025-10-04,L - Ramiz Brahimaj,NA,NA
Mandel Nallo,1989-07-26,FALSE,FALSE,TRUE,FALSE,FALSE,FALSE,FALSE,NA,Canada,male,lightweight,16,NA,16,NA,16,16,1,0,0 KO 0 Sub 0 Dec,1,1 KO 0 Sub 0 Dec,-1,-1,0,3,2722,2722,2750,2026-04-18,L - Jai Herbert,2026-04-18,L - Jai Herbert,NA,NA
Mitch Raposo,1998-10-16,TRUE,FALSE,TRUE,FALSE,FALSE,FALSE,FALSE,NA,United States,male,flyweight,16,NA,16,NA,16,16,4,2,0 KO 0 Sub 2 Dec,2,0 KO 0 Sub 2 Dec,2,2,0,10.8,2721,2721,2673,2024-06-01,L - Andre Lima,2026-06-20,W - Allan Nascimento,NA,NA
Rani Yahya,1984-09-12,FALSE,FALSE,FALSE,FALSE,FALSE,TRUE,FALSE,NA,"Brazil, Syria",male,bantamweight,16,NA,16,NA,13,16,21,13,0 KO 7 Sub 6 Dec,6,2 KO 0 Sub 4 Dec,-2,4,0,8.1,2720,2894,2652,2011-01-22,W - Mike Brown,2024-04-27,L - Victor Henry,NA,NA
Michael Oliveira,1998-01-21,FALSE,FALSE,TRUE,FALSE,FALSE,FALSE,FALSE,NA,Brazil,male,welterweight,16,NA,16,NA,16,16,0,NA,NA,NA,NA,NA,NA,0,NA,2717,NA,2664,NA,NA,NA,NA,2026-08-01,Oban Elliott
Ryan Gandra,1995-05-08,FALSE,FALSE,TRUE,FALSE,FALSE,FALSE,FALSE,NA,Brazil,male,middleweight,16,NA,16,NA,16,16,1,1,1 KO 0 Sub 0 Dec,0,0 KO 0 Sub 0 Dec,1,1,0,7,2715,2715,2474,2026-02-28,W - Jose Medina,2026-02-28,W - Jose Medina,2026-07-11,Zachary Reese
Ty Miller,2000-06-04,FALSE,FALSE,TRUE,FALSE,FALSE,FALSE,FALSE,NA,United States,male,welterweight,16,NA,16,NA,16,16,1,1,1 KO 0 Sub 0 Dec,0,0 KO 0 Sub 0 Dec,1,1,1,11,2714,2714,2529,2026-01-24,W - Adam Fugitt,2026-01-24,W - Adam Fugitt,NA,NA
Shamil Gaziev,1990-02-10,FALSE,FALSE,TRUE,FALSE,FALSE,FALSE,FALSE,NA,"Bahrain, Russia",male,heavyweight,16,NA,16,NA,11,16,6,3,2 KO 0 Sub 1 Dec,3,3 KO 0 Sub 0 Dec,-2,2,2,6.5,2713,2919,2805,2023-12-16,W - Martin Buday,2026-05-02,L - Brando Pericic,NA,NA
Sodiq Yusuff,1993-05-19,FALSE,FALSE,TRUE,FALSE,FALSE,FALSE,FALSE,NA,"Nigeria, United States",male,"lightweight, featherweight",16,NA,16,NA,10,16,10,6,2 KO 1 Sub 3 Dec,4,1 KO 0 Sub 3 Dec,-3,4,2,4.3,2712,3070,2838,2018-12-01,W - Suman Mokhtarian,2025-05-17,L - Mairon Santos,NA,NA
Karine Silva,1993-12-02,FALSE,FALSE,TRUE,FALSE,FALSE,FALSE,FALSE,NA,Brazil,female,women's flyweight,10,NA,16,NA,9,16,8,5,0 KO 3 Sub 2 Dec,3,0 KO 0 Sub 3 Dec,-2,4,1,6.4,2712,2922,2712,2022-06-04,W - Poliana Botelho,2026-04-18,L - Jasmine Jasudavicius,NA,NA
Chase Hooper,1999-09-13,FALSE,FALSE,TRUE,FALSE,FALSE,FALSE,FALSE,NA,United States,male,lightweight,16,NA,16,NA,16,16,13,8,2 KO 4 Sub 2 Dec,5,3 KO 0 Sub 2 Dec,-2,5,2,8.8,2711,3003,2652,2019-12-14,W - Daniel Teymur,2026-03-28,L - Lance Gibson Jr.,2026-07-18,Mitch Ramirez
Bia Mesquita,1991-04-07,FALSE,FALSE,FALSE,FALSE,FALSE,FALSE,FALSE,NA,Brazil,female,women's bantamweight,12,NA,16,NA,12,16,3,3,0 KO 3 Sub 0 Dec,0,0 KO 0 Sub 0 Dec,3,3,1,9.3,2711,2711,2417,2025-10-11,W - Irina Alekseeva,2026-06-20,W - Melissa Mullins,NA,NA
Cody Chovancek,1998-07-24,FALSE,FALSE,TRUE,FALSE,FALSE,FALSE,FALSE,NA,Canada,male,bantamweight,16,NA,16,NA,16,16,0,NA,NA,NA,NA,NA,NA,NA,NA,2711,NA,NA,NA,NA,NA,NA,NA,NA
Douglas Silva de Andrade,1985-06-22,FALSE,FALSE,FALSE,FALSE,FALSE,FALSE,FALSE,NA,Brazil,male,"featherweight, bantamweight",16,NA,16,NA,14,16,14,7,2 KO 1 Sub 4 Dec,7,2 KO 1 Sub 4 Dec,-2,2,3,7.9,2709,2926,2733,2014-02-15,L - Zubaira Tukhugov,2026-02-28,L - Javier Reyes,NA,NA
Zachary Reese,1994-03-24,FALSE,FALSE,TRUE,FALSE,FALSE,FALSE,FALSE,NA,United States,male,middleweight,16,NA,16,NA,16,16,8,4,1 KO 1 Sub 2 Dec,3,2 KO 0 Sub 1 Dec,-1,2,2,7.8,2709,2734,2613,2023-12-02,L - Cody Brundage,2026-02-21,L - Michel Pereira,2026-07-11,Ryan Gandra
Eduarda Moura,1994-02-28,FALSE,FALSE,TRUE,FALSE,FALSE,FALSE,FALSE,NA,Brazil,female,women's flyweight,13,NA,16,NA,13,16,5,3,1 KO 0 Sub 2 Dec,2,0 KO 0 Sub 2 Dec,-1,2,0,10.6,2709,2838,2650,2023-11-04,W - Montserrat Conejo Ruiz,2026-02-07,L - Wang Cong,NA,NA
Gauge Young,2000-07-14,FALSE,FALSE,TRUE,FALSE,FALSE,FALSE,FALSE,NA,United States,male,lightweight,16,NA,16,NA,16,16,3,2,0 KO 0 Sub 2 Dec,1,0 KO 0 Sub 1 Dec,2,2,0,6.3,2708,2708,2674,2025-04-26,L - Evan Elder,2026-04-18,W - Thiago Moises,NA,NA
Tresean Gore,1994-06-21,TRUE,FALSE,FALSE,FALSE,FALSE,FALSE,FALSE,NA,United States,male,middleweight,16,NA,16,NA,16,16,7,3,0 KO 3 Sub 0 Dec,4,2 KO 0 Sub 2 Dec,1,2,1,8.1,2708,2708,2723,2022-02-05,L - Bryan Battle,2026-04-04,W - Azamat Bekoev,2026-08-15,Vicente Luque
Andre Fili,1990-06-25,FALSE,FALSE,FALSE,FALSE,FALSE,FALSE,FALSE,NA,United States,male,featherweight,16,NA,16,NA,15,16,27,13,4 KO 0 Sub 9 Dec,13,4 KO 3 Sub 6 Dec,-2,2,4,5.6,2707,2966,2779,2013-10-19,W - Jeremy Larsen,2026-06-20,L - Vinicius Oliveira,NA,NA
Marco Tulio,1994-08-30,FALSE,FALSE,TRUE,FALSE,FALSE,FALSE,FALSE,NA,Brazil,male,middleweight,16,NA,16,NA,16,16,4,2,2 KO 0 Sub 0 Dec,2,1 KO 0 Sub 1 Dec,-2,2,0,8.8,2706,2851,2773,2025-01-11,W - Ihor Potieria,2026-05-09,L - Roman Kopylov,NA,NA
Fernando Padilla,1996-12-15,FALSE,FALSE,FALSE,FALSE,FALSE,FALSE,FALSE,NA,Mexico,male,featherweight,16,NA,16,NA,16,16,4,2,1 KO 1 Sub 0 Dec,2,1 KO 0 Sub 1 Dec,-1,1,1,6,2705,2775,2786,2023-04-29,W - Julian Erosa,2024-12-14,L - Sean Woodson,NA,NA
Uran Satybaldiev,1994-08-10,FALSE,FALSE,FALSE,FALSE,FALSE,FALSE,FALSE,NA,Kyrgyzstan,male,"light heavyweight, heavyweight",16,NA,16,NA,16,16,2,1,0 KO 1 Sub 0 Dec,1,0 KO 0 Sub 1 Dec,1,1,1,11.5,2702,2702,2654,2025-04-05,L - Martin Buday,2025-08-23,W - Diyar Nurgozhay,NA,NA
Court McGee,1984-12-12,TRUE,FALSE,FALSE,FALSE,FALSE,FALSE,FALSE,NA,United States,male,welterweight,16,NA,16,NA,16,16,24,11,0 KO 3 Sub 8 Dec,13,3 KO 0 Sub 10 Dec,-1,3,1,6.8,2700,2873,2722,2010-06-19,W - Kris McCray,2025-06-14,L - Michael Chiesa,NA,NA
Thomas Gantt,1993-01-09,FALSE,FALSE,TRUE,FALSE,FALSE,FALSE,FALSE,NA,United States,male,lightweight,16,NA,16,NA,16,16,1,1,1 KO 0 Sub 0 Dec,0,0 KO 0 Sub 0 Dec,1,1,0,8,2700,2700,2529,2026-05-16,W - Artur Minev,2026-05-16,W - Artur Minev,NA,NA
Josiah Harrell,1998-11-13,FALSE,FALSE,FALSE,FALSE,FALSE,FALSE,FALSE,NA,United States,male,welterweight,16,NA,16,NA,16,16,1,0,0 KO 0 Sub 0 Dec,1,1 KO 0 Sub 0 Dec,-1,-1,0,5,2698,2698,2832,2026-02-21,L - Jacobe Smith,2026-02-21,L - Jacobe Smith,NA,NA
Lucas Rocha,2000-08-12,FALSE,FALSE,TRUE,FALSE,FALSE,FALSE,FALSE,NA,Brazil,male,flyweight,16,NA,16,NA,16,16,2,1,0 KO 0 Sub 1 Dec,1,0 KO 1 Sub 0 Dec,1,1,0,11,2695,2695,2624,2024-10-12,L - Clayton Carpenter,2025-10-11,W - Stewart Nicoll,NA,NA
Kennedy Nzechukwu,1992-06-13,FALSE,FALSE,TRUE,FALSE,FALSE,FALSE,FALSE,NA,Nigeria,male,heavyweight,16,NA,16,NA,14,16,15,8,6 KO 1 Sub 1 Dec,6,2 KO 2 Sub 2 Dec,0,3,4,7.4,2692,2932,2673,2019-03-30,L - Paul Craig,2025-12-13,D - Marcus Buchecha,NA,NA
Cristian Quinonez,1996-04-26,FALSE,FALSE,TRUE,FALSE,FALSE,FALSE,FALSE,NA,Mexico,male,bantamweight,16,NA,16,NA,16,16,4,2,1 KO 0 Sub 1 Dec,2,0 KO 2 Sub 0 Dec,1,1,0,8.5,2691,2804,2665,2022-09-03,W - Khalid Taha,2026-02-28,W - Kris Moutinho,NA,NA
Daniel Zellhuber,1999-07-07,FALSE,FALSE,TRUE,FALSE,FALSE,FALSE,FALSE,NA,Mexico,male,lightweight,16,NA,16,NA,16,16,7,3,0 KO 1 Sub 2 Dec,4,1 KO 0 Sub 3 Dec,-3,3,3,5.7,2691,2953,2767,2022-09-17,L - Trey Ogden,2026-02-28,L - King Green,NA,NA
Samuel Sanches,2003-01-28,FALSE,FALSE,TRUE,FALSE,FALSE,FALSE,FALSE,NA,Brazil,male,lightweight,16,NA,16,NA,16,16,0,NA,NA,NA,NA,NA,NA,NA,NA,2689,NA,NA,NA,NA,NA,NA,NA,NA
Thomas Petersen,1995-03-30,FALSE,FALSE,TRUE,FALSE,FALSE,FALSE,FALSE,NA,United States,male,heavyweight,16,NA,16,NA,16,16,6,3,0 KO 0 Sub 3 Dec,3,2 KO 0 Sub 1 Dec,1,1,0,9.5,2687,2687,2711,2024-02-03,L - Jamal Pogues,2026-04-04,W - Guilherme Pat,2026-07-25,Valter Walker
Tahir Abdullayev,1997-02-02,FALSE,FALSE,FALSE,FALSE,FALSE,FALSE,FALSE,NA,Azerbaijan,male,welterweight,16,NA,16,NA,16,16,0,NA,NA,NA,NA,NA,NA,0,NA,2686,NA,2833,NA,NA,NA,NA,2026-06-27,Jefferson Nascimento
Bassil Hafez,1992-01-31,FALSE,FALSE,FALSE,FALSE,FALSE,FALSE,FALSE,NA,"Egypt, Syria, United States",male,welterweight,16,NA,16,NA,16,16,3,1,0 KO 0 Sub 1 Dec,2,1 KO 0 Sub 1 Dec,-1,1,1,7.7,2685,2744,2850,2023-07-15,L - Jack Della Maddalena,2024-11-16,L - Oban Elliott,NA,NA
Donte Johnson,1999-01-25,FALSE,FALSE,TRUE,FALSE,FALSE,FALSE,FALSE,NA,United States,male,middleweight,16,NA,16,NA,16,16,2,2,0 KO 1 Sub 1 Dec,0,0 KO 0 Sub 0 Dec,2,2,1,8,2684,2699,2619,2025-11-01,W - Sedriques Dumas,2026-03-07,W - Cody Brundage,2026-08-08,Eric McConico
Aleksandre Topuria,1996-01-28,FALSE,FALSE,FALSE,FALSE,FALSE,FALSE,FALSE,NA,"Georgia, Spain",male,bantamweight,16,NA,16,NA,16,16,2,2,0 KO 0 Sub 2 Dec,0,0 KO 0 Sub 0 Dec,2,2,0,10,2683,2683,2718,2025-02-08,W - Colby Thicknesse,2025-11-22,W - Bekzat Almakhan,NA,NA
Alibi Idiris,1994-10-22,TRUE,FALSE,FALSE,FALSE,FALSE,FALSE,FALSE,NA,Kazakhstan,male,flyweight,16,NA,16,NA,16,16,2,0,0 KO 0 Sub 0 Dec,1,0 KO 1 Sub 0 Dec,0,0,0,10,2682,2682,2696,2025-08-16,L - Joseph Morales,2026-02-21,NC - Ode Osbourne,NA,NA
Dustin Stoltzfus,1991-11-15,FALSE,FALSE,TRUE,FALSE,FALSE,FALSE,FALSE,NA,United States,male,middleweight,16,NA,16,NA,16,16,10,3,1 KO 1 Sub 1 Dec,7,2 KO 2 Sub 3 Dec,-2,1,2,6.2,2680,2784,2790,2020-11-21,L - Kyle Daukaus,2025-09-13,L - Kelvin Gastelum,2026-08-15,Mansur Abdul-Malik
Carlos Vera,1987-11-05,TRUE,FALSE,FALSE,FALSE,FALSE,FALSE,FALSE,NA,Ecuador,male,bantamweight,16,NA,16,NA,16,16,2,1,0 KO 1 Sub 0 Dec,1,0 KO 0 Sub 1 Dec,1,1,1,8.5,2679,2679,2670,2024-02-17,L - Rinya Nakamura,2025-03-15,W - Josias Musasa,NA,NA
Song Kenan,1990-03-10,FALSE,FALSE,FALSE,FALSE,FALSE,FALSE,FALSE,NA,China,male,welterweight,16,NA,16,NA,16,16,11,6,3 KO 0 Sub 3 Dec,5,3 KO 0 Sub 2 Dec,-1,2,1,6.7,2678,2762,2679,2017-11-25,W - Bobby Nash,2024-11-23,L - Muslim Salikhov,NA,NA
Billy Quarantillo,1988-12-08,TRUE,FALSE,TRUE,FALSE,FALSE,FALSE,FALSE,NA,United States,male,featherweight,16,NA,16,NA,16,16,11,6,3 KO 1 Sub 2 Dec,5,2 KO 1 Sub 2 Dec,-2,3,3,5.6,2676,2948,2776,2019-12-07,W - Jacob Kilburn,2024-12-14,L - Cub Swanson,2026-08-08,Diego Ferreira
Yizha,1997-01-08,FALSE,TRUE,FALSE,FALSE,FALSE,FALSE,FALSE,NA,China,male,featherweight,16,NA,16,NA,16,16,4,1,1 KO 0 Sub 0 Dec,3,0 KO 0 Sub 3 Dec,-1,1,0,9,2676,2764,2644,2023-02-04,L - JeongYeong Lee,2026-02-01,L - Kaan Ofli,NA,NA
Carli Judice,1999-03-02,FALSE,FALSE,TRUE,FALSE,FALSE,FALSE,FALSE,NA,United States,female,women's flyweight,16,NA,16,NA,16,16,4,3,2 KO 0 Sub 1 Dec,1,0 KO 0 Sub 1 Dec,3,3,3,12.2,2676,2676,2536,2024-06-15,L - Gabriella Fernandes,2026-02-21,W - Juliana Miller,2026-08-22,Jeisla Chaves
Charlie Campbell,1995-07-03,FALSE,FALSE,TRUE,FALSE,FALSE,FALSE,FALSE,NA,United States,male,lightweight,16,NA,16,NA,16,16,3,2,1 KO 0 Sub 1 Dec,1,0 KO 1 Sub 0 Dec,-1,2,1,6.7,2671,2747,2728,2023-09-16,W - Alex Reyes,2025-09-28,L - Tom Nolan,NA,NA
Colby Thicknesse,1999-06-23,FALSE,FALSE,FALSE,FALSE,FALSE,FALSE,FALSE,NA,Australia,male,bantamweight,16,NA,16,NA,16,16,3,2,0 KO 0 Sub 2 Dec,1,0 KO 0 Sub 1 Dec,2,2,0,9.3,2670,2670,2474,2025-02-08,L - Aleksandre Topuria,2026-05-02,W - Vince Morales,NA,NA
Bruno Gustavo da Silva,1990-03-16,TRUE,FALSE,FALSE,FALSE,FALSE,FALSE,FALSE,NA,Brazil,male,flyweight,16,NA,16,NA,12,16,12,5,3 KO 2 Sub 0 Dec,6,2 KO 1 Sub 3 Dec,-2,4,4,8.5,2669,2912,2762,2019-10-05,NC - Khalid Taha,2026-06-06,L - Edgar Chairez,NA,NA
DongHun Choi,1999-01-02,FALSE,TRUE,FALSE,FALSE,FALSE,FALSE,FALSE,NA,South Korea,male,flyweight,16,NA,16,NA,16,16,1,1,1 KO 0 Sub 0 Dec,0,0 KO 0 Sub 0 Dec,1,1,0,8,2667,2667,2396,2024-11-23,W - Kiru Sahota,2024-11-23,W - Kiru Sahota,NA,NA
Kevin Borjas,1997-12-06,FALSE,FALSE,TRUE,FALSE,FALSE,FALSE,FALSE,NA,Peru,male,flyweight,16,NA,16,NA,16,16,6,2,0 KO 0 Sub 2 Dec,4,2 KO 0 Sub 2 Dec,1,1,0,7.7,2665,2682,2701,2023-11-11,L - Joshua Van,2026-06-20,W - Andre Lima,NA,NA
Oban Elliott,1997-12-19,FALSE,FALSE,TRUE,FALSE,FALSE,FALSE,FALSE,NA,"United Kingdom, Wales",male,welterweight,16,NA,16,NA,16,16,5,3,1 KO 0 Sub 2 Dec,2,0 KO 1 Sub 1 Dec,-2,3,1,9.6,2664,2953,2669,2024-02-17,W - Val Woodburn,2026-02-01,L - Jonathan Micallef,2026-08-01,Michael Oliveira
HyunSung Park,1995-11-04,FALSE,TRUE,FALSE,FALSE,FALSE,FALSE,FALSE,NA,South Korea,male,flyweight,16,NA,16,NA,16,16,5,3,1 KO 2 Sub 0 Dec,2,0 KO 2 Sub 0 Dec,-2,3,1,7.2,2663,2822,2665,2023-02-04,W - SeungGuk Choi,2025-10-18,L - Bruno Gustavo da Silva,NA,NA
Levi Rodrigues Jr.,1996-10-15,FALSE,FALSE,TRUE,FALSE,FALSE,FALSE,FALSE,NA,Brazil,male,light heavyweight,16,NA,16,NA,16,16,0,NA,NA,NA,NA,NA,NA,0,NA,2663,NA,2507,NA,NA,NA,NA,2026-07-18,Felipe Franco
Juan Martinetti,1995-08-20,FALSE,FALSE,TRUE,FALSE,FALSE,FALSE,FALSE,NA,Ecuador,male,bantamweight,16,NA,16,NA,16,16,1,0,0 KO 0 Sub 0 Dec,1,0 KO 0 Sub 1 Dec,-1,-1,1,4,2662,2662,2877,2026-04-25,L - Davey Grant,2026-04-25,L - Davey Grant,NA,NA
JeongYeong Lee,1995-11-13,FALSE,TRUE,FALSE,FALSE,FALSE,FALSE,FALSE,NA,South Korea,male,featherweight,16,NA,16,NA,16,16,4,2,0 KO 0 Sub 2 Dec,2,1 KO 0 Sub 1 Dec,-2,2,0,8.5,2659,2860,2722,2023-02-04,W - Yizha,2025-05-10,L - Daniel Santos,NA,NA
Brad Tavares,1987-12-21,TRUE,FALSE,FALSE,FALSE,FALSE,FALSE,FALSE,NA,United States,male,middleweight,16,NA,16,NA,8,16,28,16,2 KO 0 Sub 14 Dec,12,6 KO 0 Sub 6 Dec,-2,5,0,6.2,2659,3087,2767,2010-06-19,W - Seth Baczynski,2026-03-14,L - Eryk Anders,2026-07-18,Marc-Andre Barriault
Carol Foro,1997-03-21,FALSE,FALSE,TRUE,FALSE,FALSE,FALSE,FALSE,NA,Brazil,female,women's strawweight,16,NA,16,NA,16,16,0,NA,NA,NA,NA,NA,NA,NA,NA,2659,NA,NA,NA,NA,NA,NA,NA,NA
Cody Brundage,1994-05-16,FALSE,FALSE,TRUE,FALSE,FALSE,FALSE,FALSE,NA,United States,male,middleweight,16,NA,16,NA,16,16,16,6,4 KO 1 Sub 0 Dec,9,2 KO 2 Sub 5 Dec,1,2,2,7.6,2658,2689,2649,2021-09-25,L - Nick Maximov,2026-05-16,W - Andre Petroski,NA,NA
Robert Bryczek,1990-07-04,FALSE,FALSE,FALSE,FALSE,FALSE,FALSE,FALSE,NA,Poland,male,middleweight,16,NA,16,NA,16,16,3,1,1 KO 0 Sub 0 Dec,2,0 KO 0 Sub 2 Dec,-1,1,0,7,2658,2737,2773,2024-02-10,L - Ihor Potieria,2026-05-02,L - Cam Rowston,NA,NA
Dom Mar Fan,2000-03-19,FALSE,TRUE,FALSE,FALSE,FALSE,FALSE,FALSE,NA,Australia,male,lightweight,16,NA,16,NA,16,16,1,0,0 KO 0 Sub 0 Dec,1,0 KO 1 Sub 0 Dec,-1,-1,0,13,2658,2658,2619,2026-05-02,L - Kody Steele,2026-05-02,L - Kody Steele,NA,NA
Matheus Camilo,2001-01-02,FALSE,FALSE,FALSE,FALSE,FALSE,FALSE,FALSE,NA,Brazil,male,lightweight,16,NA,16,NA,16,16,2,1,0 KO 0 Sub 1 Dec,1,0 KO 1 Sub 0 Dec,1,1,0,9.5,2653,2653,2702,2025-05-17,L - Gabe Green,2025-11-15,W - Viacheslav Borshchev,2026-06-27,Nazim Sadykhov
Cody Durden,1991-03-29,FALSE,FALSE,FALSE,FALSE,FALSE,FALSE,FALSE,NA,United States,male,"flyweight, bantamweight",16,NA,16,NA,13,16,16,7,1 KO 1 Sub 5 Dec,8,2 KO 4 Sub 2 Dec,1,4,1,8.9,2648,2945,2718,2020-08-01,D - Chris Gutierrez,2026-04-25,W - Jafel Filho,2026-07-11,Ode Osbourne
Bekzat Almakhan,1997-10-08,FALSE,FALSE,FALSE,FALSE,FALSE,FALSE,FALSE,NA,Kazakhstan,male,bantamweight,16,NA,16,NA,16,16,3,1,1 KO 0 Sub 0 Dec,2,0 KO 0 Sub 2 Dec,-1,1,0,9,2648,2819,2859,2024-03-02,L - Umar Nurmagomedov,2025-11-22,L - Aleksandre Topuria,2026-06-27,Jean Matsumoto
Andre Lima,1999-02-04,FALSE,FALSE,TRUE,FALSE,FALSE,FALSE,FALSE,NA,Brazil,male,flyweight,16,NA,16,NA,16,16,5,4,0 KO 1 Sub 2 Dec,1,0 KO 0 Sub 1 Dec,-1,4,2,9.8,2647,2821,2578,2024-03-23,W - Igor Severino,2026-06-20,L - Kevin Borjas,NA,NA
Elves Brener,1997-09-27,FALSE,FALSE,FALSE,FALSE,FALSE,FALSE,FALSE,NA,Brazil,male,lightweight,16,NA,16,NA,16,16,6,3,2 KO 0 Sub 1 Dec,3,1 KO 0 Sub 2 Dec,-3,3,3,7.5,2646,2835,2884,2023-02-11,W - Zubaira Tukhugov,2025-08-02,L - Esteban Ribovics,NA,NA
Luis Dias de Assis,1995-01-17,FALSE,FALSE,TRUE,FALSE,FALSE,FALSE,FALSE,NA,Brazil,male,middleweight,16,NA,16,NA,16,16,1,1,1 KO 0 Sub 0 Dec,0,0 KO 0 Sub 0 Dec,1,1,0,7,2646,2646,2506,2026-05-30,W - Yi Sak Lee,2026-05-30,W - Yi Sak Lee,NA,NA
Rodrigo Sezinando,1997-12-11,TRUE,FALSE,FALSE,FALSE,FALSE,FALSE,FALSE,NA,Brazil,male,welterweight,16,NA,16,NA,16,16,1,0,0 KO 0 Sub 0 Dec,1,1 KO 0 Sub 0 Dec,-1,-1,0,14,2645,2645,2823,2025-09-13,L - Daniil Donchenko,2025-09-13,L - Daniil Donchenko,NA,NA
Jessica Andrade,1991-09-25,FALSE,FALSE,FALSE,FALSE,FALSE,FALSE,FALSE,NA,Brazil,female,"women's strawweight, women's flyweight",9,NA,16,NA,-1,4,30,17,6 KO 3 Sub 8 Dec,13,4 KO 5 Sub 4 Dec,-3,4,11,4.5,2644,3133,2780,2013-07-27,L - Liz Carmouche,2025-08-16,L - Loopy Godinez,NA,NA
Nate Landwehr,1988-06-06,FALSE,FALSE,FALSE,FALSE,FALSE,FALSE,FALSE,NA,United States,male,featherweight,16,NA,16,NA,16,16,11,5,1 KO 2 Sub 2 Dec,6,5 KO 0 Sub 1 Dec,-3,3,5,5.9,2643,2956,2800,2020-01-25,L - Herbert Burns,2026-04-11,L - Cub Swanson,NA,NA
Mark Choinski,1995-10-22,FALSE,FALSE,FALSE,FALSE,FALSE,FALSE,FALSE,NA,United States,male,lightweight,16,NA,16,NA,16,16,1,0,0 KO 0 Sub 0 Dec,1,0 KO 0 Sub 1 Dec,-1,-1,0,13,2643,2643,2828,2025-06-07,L - MarQuel Mederos,2025-06-07,L - MarQuel Mederos,NA,NA
Marc-Andre Barriault,1990-02-18,FALSE,FALSE,FALSE,FALSE,FALSE,FALSE,FALSE,NA,Canada,male,middleweight,16,NA,16,NA,16,16,17,6,3 KO 1 Sub 2 Dec,10,3 KO 1 Sub 6 Dec,-2,2,4,6.4,2642,2918,2762,2019-05-04,L - Andrew Sanchez,2026-02-07,L - Michal Oleksiejczuk,2026-07-18,Brad Tavares
Magomed Zaynukov,1995-01-02,FALSE,FALSE,TRUE,FALSE,FALSE,FALSE,FALSE,NA,Russia,male,lightweight,16,NA,16,NA,16,16,0,NA,NA,NA,NA,NA,NA,NA,NA,2642,NA,NA,NA,NA,NA,NA,NA,NA
Bruno Lopes,1993-04-24,FALSE,FALSE,TRUE,FALSE,FALSE,FALSE,FALSE,NA,Brazil,male,light heavyweight,16,NA,16,NA,16,16,3,1,0 KO 0 Sub 1 Dec,2,2 KO 0 Sub 0 Dec,-2,1,0,8.7,2641,2746,2779,2025-01-11,W - Magomed Gadzhiyasulov,2026-03-28,L - Navajo Stirling,2026-08-08,Diyar Nurgozhay
Julius Walker,1999-07-16,FALSE,FALSE,FALSE,FALSE,FALSE,FALSE,FALSE,NA,United States,male,light heavyweight,16,NA,16,NA,16,16,3,1,0 KO 0 Sub 1 Dec,2,1 KO 0 Sub 1 Dec,-1,1,1,6,2640,2672,2788,2025-02-22,L - Alonzo Menifield,2026-02-07,L - Dustin Jacoby,2026-06-27,Abdul Rakhman Yakhyaev
Regina Tarin,2004-10-19,FALSE,FALSE,FALSE,FALSE,FALSE,FALSE,FALSE,NA,Mexico,NA,,16,NA,16,NA,16,16,1,1,0 KO 0 Sub 1 Dec,0,0 KO 0 Sub 0 Dec,1,1,1,11,2640,2640,2437,2026-02-28,W - Ernesta Kareckaite,2026-02-28,W - Ernesta Kareckaite,NA,NA
Robert Valentin,1995-03-31,TRUE,FALSE,FALSE,FALSE,FALSE,FALSE,FALSE,NA,Switzerland,male,middleweight,16,NA,16,NA,16,16,4,1,0 KO 1 Sub 0 Dec,3,2 KO 0 Sub 1 Dec,1,1,0,6.2,2639,2655,2616,2024-08-24,L - Ryan Loder,2026-04-18,W - Julien Leblanc,2026-08-01,Dusko Todorovic
Diyar Nurgozhay,1997-04-22,FALSE,FALSE,TRUE,FALSE,FALSE,FALSE,FALSE,NA,Kazakhstan,male,light heavyweight,16,NA,16,NA,16,16,3,1,0 KO 0 Sub 1 Dec,2,0 KO 2 Sub 0 Dec,1,1,0,9.3,2639,2639,2596,2025-03-15,L - Brendson Ribeiro,2026-03-07,W - Rafael Tobias,2026-08-08,Bruno Lopes
John Yannis,1994-07-07,FALSE,FALSE,FALSE,FALSE,FALSE,FALSE,FALSE,NA,United States,male,"bantamweight, featherweight",16,NA,16,NA,16,16,3,1,1 KO 0 Sub 0 Dec,2,0 KO 1 Sub 1 Dec,-1,1,0,9.7,2638,2681,2771,2025-08-02,L - Austin Bashi,2026-06-06,L - Marcus McGhee,NA,NA
Magomed Tuchalov,1999-12-30,FALSE,FALSE,FALSE,FALSE,FALSE,FALSE,FALSE,NA,Russia,male,light heavyweight,16,NA,16,NA,16,16,0,NA,NA,NA,NA,NA,NA,0,NA,2638,NA,2544,NA,NA,NA,NA,2026-07-25,Brendson Ribeiro
Ryan Loder,1991-06-05,TRUE,FALSE,FALSE,FALSE,FALSE,FALSE,FALSE,NA,United States,male,middleweight,16,NA,16,NA,16,16,3,1,1 KO 0 Sub 0 Dec,2,2 KO 0 Sub 0 Dec,-2,1,0,7.7,2637,2838,2782,2024-08-24,W - Robert Valentin,2025-11-22,L - Ismail Naurdiev,NA,NA
Zhu Kangjie,1996-01-15,FALSE,TRUE,FALSE,FALSE,FALSE,FALSE,FALSE,NA,China,male,featherweight,16,NA,16,NA,16,16,1,0,0 KO 0 Sub 0 Dec,1,1 KO 0 Sub 0 Dec,-1,-1,0,12,2636,2636,2845,2026-05-30,L - Rodrigo Vera,2026-05-30,L - Rodrigo Vera,NA,NA
Aoriqileng,1993-06-25,FALSE,FALSE,FALSE,FALSE,FALSE,FALSE,FALSE,NA,China,male,bantamweight,16,NA,16,NA,16,16,10,4,2 KO 0 Sub 2 Dec,5,2 KO 0 Sub 3 Dec,-1,2,2,9.8,2635,2736,2666,2021-04-24,L - Jeff Molina,2026-05-30,L - Cody Haddon,NA,NA
Melsik Baghdasaryan,1992-01-28,FALSE,FALSE,TRUE,FALSE,FALSE,FALSE,FALSE,NA,"Armenia, United States",male,featherweight,16,NA,16,NA,16,16,6,3,1 KO 0 Sub 2 Dec,3,1 KO 2 Sub 0 Dec,-2,2,1,6.5,2635,2779,2748,2021-07-31,W - Collin Anglin,2026-06-20,L - Murtazali Magomedov,NA,NA
Harry Hardwick,1994-09-29,FALSE,FALSE,FALSE,FALSE,FALSE,FALSE,FALSE,NA,"United Kingdom, England",male,"featherweight, lightweight",16,NA,16,NA,16,16,2,0,0 KO 0 Sub 0 Dec,2,2 KO 0 Sub 0 Dec,-2,-1,1,6.5,2635,2745,2768,2025-09-06,L - Kaue Fernandes,2026-03-14,L - Marwan Rahiki,NA,NA
Vlasto Cepo,1995-01-25,FALSE,FALSE,FALSE,FALSE,FALSE,FALSE,FALSE,NA,Serbia,male,middleweight,16,NA,16,NA,16,16,0,NA,NA,NA,NA,NA,NA,0,NA,2635,NA,2454,NA,NA,NA,NA,2026-08-01,Gilbert Urbina
Melissa Croden,1991-04-12,FALSE,FALSE,FALSE,FALSE,FALSE,FALSE,FALSE,NA,Canada,female,women's bantamweight,16,NA,16,NA,16,16,3,2,1 KO 0 Sub 1 Dec,1,0 KO 0 Sub 1 Dec,1,1,0,10.7,2633,2633,2592,2025-10-18,W - Tainara Lisboa,2026-04-18,W - Daria Zhelezniakova,NA,NA
Gaston Bolanos,1992-09-14,FALSE,FALSE,FALSE,FALSE,FALSE,FALSE,FALSE,NA,Peru,male,"featherweight, bantamweight",16,NA,16,NA,16,16,5,3,0 KO 0 Sub 3 Dec,2,1 KO 1 Sub 0 Dec,1,1,0,8.4,2632,2632,2584,2023-04-15,W - Aaron Phillips,2026-06-20,W - Michael Aswell Jr.,NA,NA
Klaudia Sygula,1998-12-30,FALSE,FALSE,FALSE,FALSE,FALSE,FALSE,FALSE,NA,Poland,female,women's bantamweight,16,NA,16,NA,16,16,3,2,0 KO 0 Sub 2 Dec,1,1 KO 0 Sub 0 Dec,2,2,0,11.3,2628,2628,2470,2024-11-09,L - Melissa Mullins,2026-02-07,W - Priscila Cachoeira,NA,NA
Ozzy Diaz,1990-11-22,FALSE,FALSE,TRUE,FALSE,FALSE,FALSE,FALSE,NA,United States,male,"middleweight, light heavyweight",16,NA,16,NA,16,16,3,1,0 KO 0 Sub 1 Dec,2,2 KO 0 Sub 0 Dec,-1,1,0,7.3,2627,2688,2721,2024-11-23,L - Zhang Mingyang,2026-05-09,L - Ateba Gautier,NA,NA
Jafel Filho,1993-05-05,FALSE,FALSE,TRUE,FALSE,FALSE,FALSE,FALSE,NA,Brazil,male,"bantamweight, flyweight",16,NA,16,NA,16,16,6,3,0 KO 3 Sub 0 Dec,3,0 KO 1 Sub 2 Dec,-1,2,1,9.3,2626,2799,2704,2023-03-18,L - Muhammad Mokaev,2026-04-25,L - Cody Durden,NA,NA
Karol Rosa,1994-12-30,FALSE,FALSE,FALSE,FALSE,FALSE,FALSE,FALSE,NA,Czech Republic,female,women's bantamweight,11,NA,16,NA,8,16,13,8,0 KO 0 Sub 8 Dec,5,0 KO 0 Sub 5 Dec,-1,4,1,8.8,2626,2751,2624,2019-08-31,W - Lara Fritzen,2026-06-20,L - Luana Santos,NA,NA
Azamat Bekoev,1995-12-30,FALSE,FALSE,FALSE,FALSE,FALSE,FALSE,FALSE,NA,Russia,male,middleweight,16,NA,16,NA,16,16,4,2,2 KO 0 Sub 0 Dec,2,1 KO 1 Sub 0 Dec,-2,2,1,9.5,2623,2962,2656,2025-01-18,W - Zachary Reese,2026-04-04,L - Tresean Gore,NA,NA
Dione Barbosa,1992-05-08,FALSE,FALSE,TRUE,FALSE,FALSE,FALSE,FALSE,NA,Brazil,female,women's flyweight,16,NA,16,NA,16,16,5,3,0 KO 1 Sub 2 Dec,2,0 KO 0 Sub 2 Dec,1,1,1,9.8,2623,2623,2592,2024-05-04,W - Ernesta Kareckaite,2026-04-04,W - Melissa Gatto,2026-07-18,Veronica Hardy
Timmy Cuamba,1999-02-08,FALSE,FALSE,TRUE,FALSE,FALSE,FALSE,FALSE,NA,United States,male,"bantamweight, featherweight",16,NA,16,NA,16,16,5,2,1 KO 0 Sub 1 Dec,3,0 KO 1 Sub 2 Dec,-1,2,0,7.4,2622,2746,2632,2024-02-10,L - Bolaji Oki,2026-05-16,L - Benardo Sopaj,NA,NA
Sam Hughes,1992-06-28,FALSE,FALSE,FALSE,FALSE,FALSE,FALSE,FALSE,NA,United States,female,women's strawweight,16,NA,16,NA,16,16,12,6,1 KO 1 Sub 4 Dec,6,1 KO 0 Sub 5 Dec,-1,3,0,10.5,2622,2721,2618,2020-12-12,L - Tecia Pennington,2026-03-14,L - Piera Rodriguez,NA,NA
ChangHo Lee,1994-05-09,FALSE,TRUE,FALSE,FALSE,FALSE,FALSE,FALSE,NA,South Korea,male,bantamweight,16,NA,16,NA,16,16,3,2,1 KO 0 Sub 1 Dec,1,0 KO 0 Sub 1 Dec,-1,2,1,7.3,2621,2764,2608,2024-06-22,W - Xiao Long,2025-11-01,L - Timmy Cuamba,NA,NA
Alberto Montes,1994-05-31,FALSE,FALSE,TRUE,FALSE,FALSE,FALSE,FALSE,NA,Venezuela,male,featherweight,16,NA,16,NA,16,16,1,1,0 KO 1 Sub 0 Dec,0,0 KO 0 Sub 0 Dec,1,1,1,8,2619,2619,2575,2026-03-07,W - Ricky Turcios,2026-03-07,W - Ricky Turcios,2026-07-18,Tommy McMillen
Tanner Boser,1991-08-02,FALSE,FALSE,FALSE,FALSE,FALSE,FALSE,FALSE,NA,Canada,male,"heavyweight, light heavyweight",16,NA,16,NA,15,16,11,5,3 KO 0 Sub 2 Dec,6,2 KO 0 Sub 4 Dec,-1,2,1,6.6,2619,2826,2682,2019-10-18,W - Daniel Spitz,2026-04-18,L - Gokhan Saricam,NA,NA
Stephanie Luciano,1999-12-16,FALSE,FALSE,TRUE,FALSE,FALSE,FALSE,FALSE,NA,Brazil,female,women's strawweight,16,NA,16,NA,16,16,3,2,0 KO 1 Sub 1 Dec,1,0 KO 0 Sub 1 Dec,1,1,0,10.3,2618,2618,2521,2024-08-10,W - Talita Alencar,2025-10-18,W - Ravena Oliveira,NA,NA
Amanda Ribas,1993-08-26,FALSE,FALSE,FALSE,FALSE,FALSE,FALSE,FALSE,NA,Brazil,female,"women's strawweight, women's flyweight",10,NA,16,NA,7,16,13,7,1 KO 2 Sub 4 Dec,6,3 KO 1 Sub 2 Dec,-3,4,2,5.3,2618,2898,2728,2019-06-29,W - Emily Whitmire,2025-07-26,L - Tabatha Ricci,NA,NA
Xiao Long,1998-04-13,FALSE,TRUE,TRUE,FALSE,FALSE,FALSE,FALSE,NA,China,male,bantamweight,16,NA,16,NA,16,16,4,1,1 KO 0 Sub 0 Dec,3,0 KO 0 Sub 3 Dec,-2,1,0,10,2616,2788,2714,2024-06-22,L - ChangHo Lee,2026-03-07,L - Cody Garbrandt,NA,NA
Malcolm Wellmaker,1994-06-04,FALSE,FALSE,TRUE,FALSE,FALSE,FALSE,FALSE,NA,United States,male,"bantamweight, featherweight",16,NA,16,NA,16,16,4,2,2 KO 0 Sub 0 Dec,2,0 KO 1 Sub 1 Dec,-2,2,2,8,2614,2818,2664,2025-04-26,W - Cameron Saaiman,2026-05-16,L - Juan Diaz,NA,NA
Nikolay Veretennikov,1989-12-22,FALSE,FALSE,TRUE,FALSE,FALSE,FALSE,FALSE,NA,Kazakhstan,male,welterweight,16,NA,16,NA,16,16,6,2,1 KO 0 Sub 1 Dec,4,2 KO 0 Sub 2 Dec,-1,1,0,7.5,2614,2700,2707,2024-08-10,L - Danny Barlow,2026-05-16,L - Khaos Williams,NA,NA
Jamey-Lyn Horth,1990-03-30,FALSE,FALSE,FALSE,FALSE,FALSE,FALSE,FALSE,NA,Canada,female,women's flyweight,16,NA,16,NA,16,16,7,4,1 KO 0 Sub 3 Dec,3,0 KO 0 Sub 3 Dec,-1,2,0,11.7,2611,2752,2569,2023-04-29,W - Hailey Cowan,2026-04-18,L - JJ Aldrich,NA,NA
Louie Sutherland,1994-02-08,FALSE,FALSE,FALSE,FALSE,FALSE,FALSE,FALSE,NA,"United Kingdom, Scotland",male,heavyweight,16,NA,16,NA,16,16,3,1,0 KO 0 Sub 1 Dec,2,1 KO 1 Sub 0 Dec,1,1,0,8.7,2610,2610,2640,2025-10-25,L - Valter Walker,2026-05-02,W - Tai Tuivasa,2026-08-08,Jose Montanha
Rodolfo Vieira,1989-09-25,FALSE,FALSE,FALSE,FALSE,FALSE,FALSE,FALSE,NA,Brazil,male,middleweight,16,NA,16,NA,16,16,11,6,0 KO 5 Sub 1 Dec,5,1 KO 1 Sub 3 Dec,-2,2,3,5.8,2609,2934,2739,2019-08-10,W - Oskar Piechota,2026-04-25,L - Eric McConico,NA,NA
Bolaji Oki,1995-11-15,FALSE,FALSE,TRUE,FALSE,FALSE,FALSE,FALSE,NA,"Belgium, Nigeria, Zimbabwe",male,lightweight,16,NA,16,NA,16,16,5,2,0 KO 0 Sub 2 Dec,3,2 KO 1 Sub 0 Dec,-2,1,0,8.8,2608,2690,2754,2024-02-10,W - Timmy Cuamba,2026-03-14,L - Manoel Sousa,NA,NA
Alice Ardelean,1992-04-19,FALSE,FALSE,FALSE,FALSE,FALSE,FALSE,FALSE,NA,"United Kingdom, England, Romania",female,women's strawweight,16,NA,16,NA,16,16,5,3,0 KO 1 Sub 2 Dec,2,0 KO 0 Sub 2 Dec,3,3,2,11,2608,2608,2410,2024-07-27,L - Shauna Bannon,2026-05-16,W - Polyana Viana,NA,NA
Garrett Armfield,1996-10-09,FALSE,FALSE,FALSE,FALSE,FALSE,FALSE,FALSE,NA,United States,male,bantamweight,16,NA,16,NA,16,16,5,2,1 KO 0 Sub 1 Dec,3,0 KO 2 Sub 1 Dec,-2,2,0,7.6,2607,2739,2721,2022-07-09,L - David Onama,2024-11-02,L - Serhiy Sidey,NA,NA
Veronica Hardy,1995-10-30,FALSE,FALSE,FALSE,FALSE,FALSE,FALSE,FALSE,NA,"United Kingdom, England, Portugal, Venezuela",female,women's flyweight,16,NA,16,NA,16,16,10,5,0 KO 1 Sub 4 Dec,5,1 KO 1 Sub 3 Dec,1,3,2,11.1,2602,2664,2523,2016-09-03,L - Ashlee Evans-Smith,2025-10-04,W - Brogan Walker,2026-07-18,Dione Barbosa
Cody Gibson,1987-09-11,TRUE,FALSE,FALSE,FALSE,FALSE,FALSE,FALSE,NA,United States,male,bantamweight,16,NA,16,NA,16,16,10,3,1 KO 1 Sub 1 Dec,7,1 KO 2 Sub 4 Dec,-2,2,1,8.6,2600,2850,2690,2014-02-22,L - Aljamain Sterling,2025-10-18,L - Aoriqileng,NA,NA
Wes Schultz,1996-08-09,FALSE,FALSE,TRUE,FALSE,FALSE,FALSE,FALSE,NA,United States,male,middleweight,16,NA,16,NA,16,16,2,1,0 KO 1 Sub 0 Dec,1,1 KO 0 Sub 0 Dec,1,1,0,12,2599,2599,2591,2026-02-28,L - Damian Pinas,2026-05-02,W - Ben Johnston,2026-08-22,Jackson McVey
Yazmin Jauregui,1999-02-28,FALSE,FALSE,FALSE,FALSE,FALSE,FALSE,FALSE,NA,Mexico,female,women's strawweight,16,NA,16,NA,16,16,5,3,1 KO 0 Sub 2 Dec,2,1 KO 1 Sub 0 Dec,-1,2,0,7.4,2598,2787,2564,2022-08-13,W - Iasmin Lucindo,2024-09-14,L - Ketlen Souza,NA,NA
Tereza Bleda,2001-11-30,FALSE,FALSE,TRUE,FALSE,FALSE,FALSE,FALSE,NA,Czech Republic,female,women's flyweight,16,NA,16,NA,16,16,3,1,0 KO 0 Sub 1 Dec,2,2 KO 0 Sub 0 Dec,-1,1,0,11,2598,2727,2632,2022-11-19,L - Natalia Silva,2025-12-13,L - Jamey-Lyn Horth,NA,NA
Torrez Finney,1998-10-24,FALSE,FALSE,TRUE,FALSE,FALSE,FALSE,FALSE,NA,United States,male,middleweight,16,NA,16,NA,16,16,2,1,0 KO 0 Sub 1 Dec,1,0 KO 0 Sub 1 Dec,-1,1,0,7,2596,2683,2692,2025-04-05,W - Robert Valentin,2026-02-01,L - Jacob Malkoun,NA,NA
Mantas Kondratavicius,1999-07-17,FALSE,FALSE,TRUE,FALSE,FALSE,FALSE,FALSE,NA,Lithuania,male,middleweight,16,NA,16,NA,16,16,1,1,0 KO 0 Sub 1 Dec,0,0 KO 0 Sub 0 Dec,1,1,0,10,2596,2596,2383,2026-03-21,W - Antonio Trocoli,2026-03-21,W - Antonio Trocoli,NA,NA
Macy Chiasson,1991-07-27,TRUE,FALSE,FALSE,FALSE,FALSE,FALSE,FALSE,NA,United States,female,"women's bantamweight, women's featherweight",8,NA,16,NA,4,16,14,8,3 KO 2 Sub 3 Dec,6,1 KO 1 Sub 4 Dec,-3,3,3,7.4,2595,2838,2644,2018-11-30,W - Pannie Kianzad,2026-02-28,L - Ailin Perez,NA,NA
Miesha Tate,1986-08-18,FALSE,FALSE,FALSE,FALSE,TRUE,FALSE,FALSE,NA,United States,female,"women's bantamweight, women's flyweight",15,NA,16,NA,-1,15,14,7,1 KO 2 Sub 4 Dec,7,1 KO 2 Sub 4 Dec,-1,5,5,3.6,2595,2966,2687,2013-04-13,L - Cat Zingano,2025-05-03,L - Yana Santos,NA,NA
Christopher Alvidrez,1996-12-27,FALSE,FALSE,TRUE,FALSE,FALSE,FALSE,FALSE,NA,United States,male,welterweight,16,NA,16,NA,16,16,0,NA,NA,NA,NA,NA,NA,NA,NA,2595,NA,NA,NA,NA,NA,NA,NA,NA
Bogdan Grad,1995-09-28,FALSE,FALSE,TRUE,FALSE,FALSE,FALSE,FALSE,NA,"Austria, Romania",male,featherweight,16,NA,16,NA,16,16,3,1,1 KO 0 Sub 0 Dec,2,1 KO 0 Sub 1 Dec,-2,1,1,7.7,2593,2743,2664,2025-02-01,W - Lucas Alexander,2025-11-22,L - Luke Riley,2026-08-01,Dennis Buzukja
Denzel Freeman,1991-11-10,FALSE,FALSE,FALSE,FALSE,FALSE,FALSE,FALSE,NA,United States,male,heavyweight,16,NA,16,NA,16,16,2,1,0 KO 0 Sub 1 Dec,1,1 KO 0 Sub 0 Dec,-1,1,0,12,2592,2701,2587,2025-11-22,W - Marek Bujlo,2026-01-24,L - Josh Hokit,NA,NA
Shayilan Nuerdanbieke,1994-05-04,FALSE,FALSE,FALSE,FALSE,FALSE,FALSE,FALSE,NA,China,male,featherweight,16,NA,16,NA,16,16,6,3,1 KO 0 Sub 2 Dec,3,1 KO 1 Sub 1 Dec,-2,3,0,8.7,2590,2818,2649,2021-05-22,L - Josh Culibao,2024-06-15,L - Melquizael Costa,NA,NA
Gabriella Fernandes,1993-08-13,FALSE,FALSE,FALSE,FALSE,FALSE,FALSE,FALSE,NA,Brazil,female,women's flyweight,15,NA,16,NA,14,16,6,3,0 KO 1 Sub 2 Dec,3,1 KO 0 Sub 2 Dec,-1,3,2,8.2,2590,2685,2570,2023-02-25,L - Jasmine Jasudavicius,2026-03-28,L - Casey O'Neill,NA,NA
Marcus Buchecha,1990-01-08,FALSE,FALSE,FALSE,FALSE,FALSE,FALSE,FALSE,NA,Brazil,male,heavyweight,16,NA,16,NA,16,16,3,0,0 KO 0 Sub 0 Dec,2,1 KO 0 Sub 1 Dec,-1,0,0,7.7,2589,2644,2775,2025-07-26,L - Martin Buday,2026-04-25,L - Ryan Spann,NA,NA
Ode Osbourne,1992-01-09,FALSE,FALSE,TRUE,FALSE,FALSE,FALSE,FALSE,NA,Jamaica,male,"flyweight, bantamweight",16,NA,16,NA,16,16,13,5,3 KO 0 Sub 2 Dec,7,2 KO 3 Sub 2 Dec,0,2,2,8.1,2587,2705,2685,2020-01-18,L - Brian Kelleher,2026-02-21,NC - Alibi Idiris,2026-07-11,Cody Durden
Tim Means,1984-02-20,FALSE,FALSE,FALSE,FALSE,FALSE,FALSE,FALSE,NA,United States,male,welterweight,16,NA,16,NA,16,16,30,15,6 KO 2 Sub 7 Dec,14,2 KO 6 Sub 6 Dec,-2,4,3,6.5,2587,3039,2767,2012-02-15,W - Bernardo Magalhaes,2024-10-05,L - Court McGee,NA,NA
Eric Nolan,1997-09-13,FALSE,FALSE,FALSE,FALSE,FALSE,FALSE,FALSE,NA,United States,male,"welterweight, middleweight",16,NA,16,NA,16,16,1,0,0 KO 0 Sub 0 Dec,1,0 KO 1 Sub 0 Dec,-1,-1,0,6,2587,2587,2638,2025-08-16,L - Baisangur Susurkaev,2025-08-16,L - Baisangur Susurkaev,2026-06-27,Farman Hasanov
Steven Asplund,1998-07-16,FALSE,FALSE,TRUE,FALSE,FALSE,FALSE,FALSE,NA,United States,male,heavyweight,16,NA,16,NA,16,16,2,1,1 KO 0 Sub 0 Dec,1,0 KO 0 Sub 1 Dec,-1,1,1,8.5,2582,2620,2586,2025-12-13,W - Sean Sharaf,2026-03-14,L - Vitor Petrino,2026-08-08,Guilherme Pat
Djorden Santos,1997-08-01,FALSE,FALSE,TRUE,FALSE,FALSE,FALSE,FALSE,NA,Brazil,male,middleweight,16,NA,16,NA,16,16,3,1,0 KO 0 Sub 1 Dec,2,0 KO 1 Sub 1 Dec,-1,1,0,10.7,2580,2615,2707,2025-03-08,L - Ozzy Diaz,2026-05-09,L - Baisangur Susurkaev,NA,NA
Mark Vologdin,2000-04-18,FALSE,FALSE,TRUE,FALSE,FALSE,FALSE,FALSE,NA,Russia,male,bantamweight,16,NA,16,NA,16,16,1,0,NA,0,NA,0,0,0,11,2579,2579,2590,2026-04-18,D - John Castaneda,2026-04-18,D - John Castaneda,2026-08-01,Josias Musasa
Hyder Amil,1990-05-28,FALSE,FALSE,TRUE,FALSE,FALSE,FALSE,FALSE,NA,"Philippines, United States",male,featherweight,16,NA,16,NA,16,16,6,3,2 KO 0 Sub 1 Dec,3,1 KO 1 Sub 1 Dec,-3,3,1,6.5,2576,2905,2712,2024-02-10,W - Fernie Garcia,2026-06-20,L - Christian Rodriguez,NA,NA
Steven Nguyen,1993-05-19,FALSE,FALSE,TRUE,FALSE,FALSE,FALSE,FALSE,NA,United States,male,featherweight,16,NA,16,NA,16,16,2,1,1 KO 0 Sub 0 Dec,1,0 KO 0 Sub 1 Dec,1,1,2,10.5,2575,2575,2390,2024-03-23,L - Jarno Errens,2025-07-26,W - Mohammad Yahya,NA,NA
Ronaldo Rodriguez,1999-05-07,FALSE,FALSE,TRUE,FALSE,FALSE,FALSE,FALSE,NA,Mexico,male,flyweight,16,NA,16,NA,16,16,3,2,0 KO 1 Sub 1 Dec,1,0 KO 0 Sub 1 Dec,-1,2,0,7,2573,2723,2507,2024-02-24,W - Denys Bondar,2025-03-29,L - Kevin Borjas,NA,NA
Louis Jourdain,1997-03-13,FALSE,FALSE,TRUE,FALSE,FALSE,FALSE,FALSE,NA,Canada,male,bantamweight,16,NA,16,NA,16,16,0,NA,NA,NA,NA,NA,NA,NA,NA,2573,NA,NA,NA,NA,NA,NA,NA,NA
Darrius Flowers,1994-08-25,FALSE,FALSE,TRUE,FALSE,FALSE,FALSE,FALSE,NA,United States,male,"welterweight, lightweight",16,NA,16,NA,16,16,4,1,1 KO 0 Sub 0 Dec,3,0 KO 2 Sub 1 Dec,1,1,0,8.8,2572,2607,2663,2023-07-29,L - Jake Matthews,2026-04-04,W - Lando Vannata,NA,NA
Ding Meng,1994-09-26,FALSE,FALSE,TRUE,FALSE,FALSE,FALSE,FALSE,NA,China,male,welterweight,16,NA,16,NA,16,16,1,0,0 KO 0 Sub 0 Dec,1,0 KO 0 Sub 1 Dec,-1,-1,0,8,2572,2572,2397,2026-05-30,L - Jose Souza,2026-05-30,L - Jose Souza,NA,NA
Nikolija Milosevic,1996-08-08,FALSE,FALSE,FALSE,FALSE,FALSE,FALSE,FALSE,NA,"Serbia, Sweden",female,women's bantamweight,16,NA,16,NA,16,16,0,NA,NA,NA,NA,NA,NA,0,NA,2572,NA,2284,NA,NA,NA,NA,2026-08-01,Hailey Cowan
Isaac Thomson,2002-05-03,FALSE,FALSE,FALSE,FALSE,FALSE,FALSE,FALSE,NA,Australia,male,featherweight,16,NA,16,NA,16,16,1,0,0 KO 0 Sub 0 Dec,1,0 KO 0 Sub 1 Dec,-1,-1,0,8,2571,2571,2879,2025-12-13,L - Joanderson Brito,2025-12-13,L - Joanderson Brito,NA,NA
Chad Anheliger,1986-12-01,FALSE,FALSE,TRUE,FALSE,FALSE,FALSE,FALSE,NA,Canada,male,bantamweight,16,NA,16,NA,16,16,5,2,1 KO 0 Sub 1 Dec,3,0 KO 1 Sub 2 Dec,-1,1,0,10.8,2570,2738,2621,2022-02-19,W - Jesse Strader,2024-11-02,L - Cody Gibson,NA,NA
Ottman Azaitar,1990-02-20,FALSE,FALSE,FALSE,FALSE,FALSE,FALSE,FALSE,NA,"Germany, Morocco",male,lightweight,16,NA,16,NA,16,16,5,2,2 KO 0 Sub 0 Dec,3,3 KO 0 Sub 0 Dec,-3,2,2,6.2,2570,2950,2699,2019-09-07,W - Teemu Packalen,2024-12-14,L - Michael Johnson,NA,NA
Jackson McVey,1999-03-25,FALSE,FALSE,FALSE,FALSE,FALSE,FALSE,FALSE,NA,United States,male,middleweight,16,NA,16,NA,16,16,3,1,0 KO 1 Sub 0 Dec,2,0 KO 2 Sub 0 Dec,1,1,1,11,2567,2567,2661,2025-07-19,L - Brunno Ferreira,2026-04-25,W - Sedriques Dumas,2026-08-22,Wes Schultz
Gerald Meerschaert,1987-12-18,FALSE,FALSE,FALSE,FALSE,FALSE,FALSE,FALSE,NA,United States,male,middleweight,16,NA,16,NA,16,16,26,12,1 KO 11 Sub 0 Dec,14,5 KO 3 Sub 6 Dec,-5,3,5,7.1,2566,2986,2791,2016-12-09,W - Joe Gigliotti,2026-05-02,L - Jacob Malkoun,NA,NA
Melissa Gatto,1996-05-02,FALSE,FALSE,FALSE,FALSE,FALSE,FALSE,FALSE,NA,Brazil,female,"women's flyweight, women's bantamweight",16,NA,16,NA,16,16,6,3,3 KO 0 Sub 0 Dec,3,0 KO 0 Sub 3 Dec,-1,2,1,9.3,2563,2696,2583,2021-08-07,W - Victoria Leonardo,2026-04-04,L - Dione Barbosa,NA,NA
Christian Edwards,1998-11-05,FALSE,FALSE,FALSE,FALSE,FALSE,FALSE,FALSE,NA,United States,NA,,16,NA,16,NA,16,16,1,0,0 KO 0 Sub 0 Dec,1,0 KO 0 Sub 1 Dec,-1,-1,0,4,2563,2563,2864,2026-05-16,L - Modestas Bukauskas,2026-05-16,L - Modestas Bukauskas,NA,NA
Alvin Hines,1991-10-20,FALSE,FALSE,FALSE,FALSE,FALSE,FALSE,FALSE,NA,United States,male,heavyweight,16,NA,16,NA,16,16,1,0,0 KO 0 Sub 0 Dec,1,0 KO 0 Sub 1 Dec,-1,-1,0,11,2562,2562,2632,2025-06-28,L - Jhonata Diniz,2025-06-28,L - Jhonata Diniz,2026-07-18,Allen Frye Jr.
Guilherme Pat,1994-04-20,FALSE,FALSE,FALSE,FALSE,FALSE,FALSE,FALSE,NA,Brazil,male,heavyweight,16,NA,16,NA,16,16,2,1,0 KO 0 Sub 1 Dec,1,0 KO 0 Sub 1 Dec,-1,1,0,9,2561,2631,2602,2025-12-13,W - Allen Frye Jr.,2026-04-04,L - Thomas Petersen,2026-08-08,Steven Asplund
Kurtis Campbell,2002-07-29,FALSE,FALSE,TRUE,FALSE,FALSE,FALSE,FALSE,NA,"United Kingdom, England",male,featherweight,16,NA,16,NA,16,16,1,0,0 KO 0 Sub 0 Dec,1,1 KO 0 Sub 0 Dec,-1,-1,0,6,2557,2557,2639,2026-03-21,L - Danny Silva,2026-03-21,L - Danny Silva,NA,NA
Luke Fernandez,1995-06-29,FALSE,FALSE,TRUE,FALSE,FALSE,FALSE,FALSE,NA,United States,male,light heavyweight,16,NA,16,NA,16,16,1,0,0 KO 0 Sub 0 Dec,1,1 KO 0 Sub 0 Dec,-1,-1,0,12,2557,2557,2685,2026-03-07,L - Rodolfo Bellato,2026-03-07,L - Rodolfo Bellato,NA,NA
Kyle Prepolec,1989-08-30,FALSE,FALSE,FALSE,FALSE,FALSE,FALSE,FALSE,NA,Canada,male,lightweight,16,NA,16,NA,16,16,4,0,0 KO 0 Sub 0 Dec,4,1 KO 1 Sub 2 Dec,-4,-1,1,8.2,2556,2647,2756,2019-05-04,L - Nordine Taleb,2025-10-18,L - Drew Dober,NA,NA
Jamie Siraj,1994-06-28,FALSE,FALSE,FALSE,FALSE,FALSE,FALSE,FALSE,NA,Canada,male,bantamweight,16,NA,16,NA,16,16,1,0,0 KO 0 Sub 0 Dec,1,1 KO 0 Sub 0 Dec,-1,-1,0,12,2556,2556,2538,2026-04-18,L - John Yannis,2026-04-18,L - John Yannis,NA,NA
Andrey Pulyaev,1997-09-10,FALSE,FALSE,TRUE,FALSE,FALSE,FALSE,FALSE,NA,Russia,male,middleweight,16,NA,16,NA,16,16,3,1,1 KO 0 Sub 0 Dec,2,0 KO 0 Sub 2 Dec,-1,1,0,8.7,2555,2611,2758,2025-03-22,L - Christian Leroy Duncan,2026-01-24,L - Ateba Gautier,2026-06-27,Nursulton Ruziboev
Farman Hasanov,1995-08-01,FALSE,FALSE,FALSE,FALSE,FALSE,FALSE,FALSE,NA,Azerbaijan,male,welterweight,16,NA,16,NA,16,16,0,NA,NA,NA,NA,NA,NA,0,NA,2555,NA,2587,NA,NA,NA,NA,2026-06-27,Eric Nolan
Shi Ming,1994-11-14,FALSE,TRUE,FALSE,FALSE,FALSE,FALSE,FALSE,NA,China,female,women's strawweight,16,NA,16,NA,16,16,2,1,1 KO 0 Sub 0 Dec,1,0 KO 0 Sub 1 Dec,-1,1,1,11,2553,2707,2596,2024-11-23,W - Feng Xiaocan,2025-08-23,L - Bruna Brasil,NA,NA
Jeisla Chaves,1997-02-02,FALSE,FALSE,TRUE,FALSE,FALSE,FALSE,FALSE,NA,Brazil,female,women's flyweight,16,NA,16,NA,16,16,1,1,0 KO 0 Sub 1 Dec,0,0 KO 0 Sub 0 Dec,1,1,0,11,2553,2553,2554,2026-06-06,W - Yuneisy Duben,2026-06-06,W - Yuneisy Duben,2026-08-22,Carli Judice
Tai Tuivasa,1993-03-16,FALSE,FALSE,FALSE,FALSE,FALSE,FALSE,FALSE,NA,"Australia, Samoa",male,heavyweight,16,NA,16,NA,3,16,18,8,7 KO 0 Sub 1 Dec,10,3 KO 3 Sub 4 Dec,-7,5,5,4,2552,3130,2850,2017-11-18,W - Rashad Coulter,2026-05-02,L - Louie Sutherland,NA,NA
Loma Lookboonmee,1996-01-18,FALSE,FALSE,FALSE,FALSE,FALSE,FALSE,FALSE,NA,Thailand,female,women's strawweight,16,NA,16,NA,14,16,11,7,0 KO 1 Sub 6 Dec,4,0 KO 1 Sub 3 Dec,-2,4,0,10,2551,2765,2528,2019-10-26,W - Aleksandra Albu,2026-05-30,L - Jaqueline Amorim,NA,NA
Jeremy Stephens,1986-05-25,FALSE,FALSE,FALSE,FALSE,FALSE,FALSE,FALSE,NA,United States,male,"lightweight, featherweight",16,NA,16,NA,4,16,36,15,8 KO 0 Sub 7 Dec,20,3 KO 4 Sub 13 Dec,-5,3,10,4.5,2550,3134,2822,2007-05-26,L - Din Thomas,2026-05-09,L - King Green,NA,NA
Chelsea Chandler,1990-11-23,FALSE,FALSE,FALSE,FALSE,FALSE,FALSE,FALSE,NA,United States,female,"women's bantamweight, women's featherweight",16,NA,16,NA,13,16,6,3,1 KO 1 Sub 1 Dec,3,1 KO 0 Sub 2 Dec,1,1,1,8.5,2550,2734,2584,2022-10-01,W - Julija Stoliarenko,2026-06-06,W - Priscila Cachoeira,NA,NA
Luis Gurule,1993-11-16,FALSE,FALSE,TRUE,FALSE,FALSE,FALSE,FALSE,NA,United States,male,"bantamweight, flyweight",16,NA,16,NA,16,16,5,1,0 KO 0 Sub 1 Dec,4,1 KO 1 Sub 2 Dec,-1,1,0,9.2,2548,2599,2644,2025-04-05,L - Ode Osbourne,2026-05-30,L - Rei Tsuruya,NA,NA
Victor Martinez,1991-07-17,FALSE,FALSE,TRUE,FALSE,FALSE,FALSE,FALSE,NA,United States,male,lightweight,16,NA,16,NA,16,16,2,0,0 KO 0 Sub 0 Dec,2,2 KO 0 Sub 0 Dec,-2,-1,0,6.5,2546,2671,2642,2023-02-25,L - Jordan Leavitt,2024-05-18,L - Tom Nolan,NA,NA
Daniel Frunza,1994-04-13,FALSE,FALSE,TRUE,FALSE,FALSE,FALSE,FALSE,NA,Romania,male,welterweight,16,NA,16,NA,16,16,2,0,0 KO 0 Sub 0 Dec,2,1 KO 1 Sub 0 Dec,-2,-1,0,6.5,2544,2632,2686,2025-04-05,L - Rhys McKee,2025-11-01,L - Charles Radtke,NA,NA
Brendson Ribeiro,1996-09-08,FALSE,FALSE,TRUE,FALSE,FALSE,FALSE,FALSE,NA,Brazil,male,light heavyweight,16,NA,16,NA,16,16,7,2,0 KO 1 Sub 1 Dec,5,3 KO 1 Sub 1 Dec,-3,2,0,6.3,2544,2696,2738,2024-02-17,L - Zhang Mingyang,2026-04-04,L - Abdul Rakhman Yakhyaev,2026-07-25,Magomed Tuchalov
Wellington Turman,1996-07-22,FALSE,FALSE,FALSE,FALSE,FALSE,FALSE,FALSE,NA,Brazil,male,welterweight,16,NA,16,NA,16,16,9,3,0 KO 1 Sub 2 Dec,6,2 KO 1 Sub 3 Dec,-3,2,1,6.7,2540,2780,2757,2019-07-13,L - Karl Roberson,2023-12-02,L - Jared Gooden,2026-07-25,Islam Dulatov
Nicolle Caliari,1996-11-04,FALSE,FALSE,TRUE,FALSE,FALSE,FALSE,FALSE,NA,Brazil,female,"women's strawweight, women's flyweight",16,NA,16,NA,16,16,3,1,0 KO 1 Sub 0 Dec,2,1 KO 0 Sub 1 Dec,1,1,0,12.7,2538,2538,2435,2025-01-11,L - Ernesta Kareckaite,2026-05-16,W - Shauna Bannon,NA,NA
Clayton Carpenter,1996-06-09,FALSE,FALSE,TRUE,FALSE,FALSE,FALSE,FALSE,NA,United States,male,flyweight,16,NA,16,NA,16,16,5,2,0 KO 2 Sub 0 Dec,3,0 KO 1 Sub 2 Dec,-3,2,1,11.2,2535,2810,2705,2023-02-18,W - Juancamilo Ronderos,2026-05-09,L - Jose Ochoa,NA,NA
Treston Vines,1996-06-18,FALSE,FALSE,FALSE,FALSE,FALSE,FALSE,FALSE,NA,United States,male,middleweight,16,NA,16,NA,16,16,1,0,0 KO 0 Sub 0 Dec,1,1 KO 0 Sub 0 Dec,-1,-1,0,6,2535,2535,2701,2025-10-04,L - Ateba Gautier,2025-10-04,L - Ateba Gautier,NA,NA
Julia Polastri,1998-03-05,FALSE,FALSE,TRUE,FALSE,FALSE,FALSE,FALSE,NA,Brazil,female,women's strawweight,16,NA,16,NA,16,16,5,2,1 KO 0 Sub 1 Dec,3,0 KO 0 Sub 3 Dec,-1,1,1,10.8,2532,2611,2633,2024-06-15,L - Josefine Knutsson,2026-04-25,L - Talita Alencar,NA,NA
Francisco Prado,2002-06-16,FALSE,FALSE,FALSE,FALSE,FALSE,FALSE,FALSE,NA,Argentina,male,welterweight,16,NA,16,NA,16,16,6,1,1 KO 0 Sub 0 Dec,5,0 KO 0 Sub 5 Dec,-4,1,2,6.7,2530,2686,2789,2023-02-11,L - Jamie Mullarkey,2026-04-11,L - Charles Radtke,NA,NA
Damir Hadzovic,1986-08-08,FALSE,FALSE,FALSE,FALSE,FALSE,FALSE,FALSE,NA,"Bosnia and Herzegovina, Denmark",male,lightweight,16,NA,16,NA,16,16,10,4,2 KO 0 Sub 2 Dec,6,2 KO 1 Sub 3 Dec,-2,2,1,8.2,2528,2779,2746,2016-04-10,L - Mairbek Taisumov,2025-02-01,L - Terrance McKinney,NA,NA
Ramon Taveras,1994-01-09,FALSE,FALSE,TRUE,FALSE,FALSE,FALSE,FALSE,NA,United States,male,bantamweight,16,NA,16,NA,16,16,3,1,0 KO 0 Sub 1 Dec,2,0 KO 0 Sub 2 Dec,-2,1,0,7.7,2525,2643,2753,2024-01-20,W - Serhiy Sidey,2025-09-28,L - Jack Jenkins,NA,NA
Dennis Buzukja,1997-10-01,FALSE,FALSE,TRUE,FALSE,FALSE,FALSE,FALSE,NA,United States,male,"featherweight, lightweight",16,NA,16,NA,16,16,5,1,1 KO 0 Sub 0 Dec,4,2 KO 0 Sub 2 Dec,-2,1,1,9.4,2523,2649,2648,2023-08-05,L - Sean Woodson,2026-04-18,L - Marcio Barbosa,2026-08-01,Bogdan Grad
Lucas Brennan,2000-06-03,FALSE,FALSE,FALSE,FALSE,FALSE,FALSE,FALSE,NA,United States,male,lightweight,16,NA,16,NA,16,16,1,0,0 KO 0 Sub 0 Dec,1,0 KO 0 Sub 1 Dec,-1,-1,0,11,2522,2522,2669,2026-04-25,L - Francis Marshall,2026-04-25,L - Francis Marshall,NA,NA
Billy Ray Goff,1998-06-18,FALSE,FALSE,TRUE,FALSE,FALSE,FALSE,FALSE,NA,United States,male,welterweight,16,NA,16,NA,16,16,3,1,1 KO 0 Sub 0 Dec,2,0 KO 1 Sub 1 Dec,-2,1,1,7.7,2518,2727,2556,2023-08-26,W - Yusaku Kinoshita,2025-05-31,L - Ramiz Brahimaj,NA,NA
Alice Pereira,2005-12-20,FALSE,FALSE,FALSE,FALSE,FALSE,FALSE,FALSE,NA,Brazil,female,women's bantamweight,16,NA,16,NA,16,16,2,1,1 KO 0 Sub 0 Dec,1,0 KO 0 Sub 1 Dec,1,1,1,11.5,2517,2517,2372,2025-09-13,L - Montserrat Rendon,2026-04-04,W - Hailey Cowan,NA,NA
Elise Reed,1992-12-05,FALSE,FALSE,FALSE,FALSE,FALSE,FALSE,FALSE,NA,United States,female,women's strawweight,16,NA,16,NA,16,16,9,4,0 KO 0 Sub 4 Dec,5,3 KO 2 Sub 0 Dec,-1,1,0,10,2516,2567,2569,2021-07-24,L - Sijara Eubanks,2025-05-17,L - Denise Gomes,NA,NA
Mitch Ramirez,1992-11-03,FALSE,FALSE,TRUE,FALSE,FALSE,FALSE,FALSE,NA,United States,male,lightweight,16,NA,16,NA,16,16,2,0,0 KO 0 Sub 0 Dec,2,2 KO 0 Sub 0 Dec,-2,-1,0,11.5,2514,2547,2806,2024-03-16,L - Thiago Moises,2025-07-12,L - Mike Davis,2026-07-18,Chase Hooper
Shanelle Dyer,2001-04-23,FALSE,FALSE,TRUE,FALSE,FALSE,FALSE,FALSE,NA,"United Kingdom, England, Montserrat, Nigeria",female,women's strawweight,16,NA,16,NA,16,16,1,1,1 KO 0 Sub 0 Dec,0,0 KO 0 Sub 0 Dec,1,1,1,13,2512,2512,2347,2026-03-21,W - Ravena Oliveira,2026-03-21,W - Ravena Oliveira,NA,NA
Dusko Todorovic,1994-05-19,FALSE,FALSE,TRUE,FALSE,FALSE,FALSE,FALSE,NA,Serbia,male,middleweight,16,NA,16,NA,16,16,10,4,3 KO 1 Sub 0 Dec,6,4 KO 0 Sub 2 Dec,1,1,2,5.6,2507,2762,2611,2020-10-03,W - Dequan Townsend,2025-09-13,W - Jose Medina,2026-08-01,Robert Valentin
Felipe Franco,2001-01-22,FALSE,FALSE,TRUE,FALSE,FALSE,FALSE,FALSE,NA,Brazil,male,"light heavyweight, heavyweight",16,NA,16,NA,16,16,1,0,0 KO 0 Sub 0 Dec,1,0 KO 0 Sub 1 Dec,-1,-1,0,9,2507,2507,2778,2026-03-21,L - Mario Pinto,2026-03-21,L - Mario Pinto,2026-07-18,Levi Rodrigues Jr.
Cameron Saaiman,2000-12-20,FALSE,FALSE,TRUE,FALSE,FALSE,FALSE,FALSE,NA,South Africa,male,bantamweight,16,NA,16,NA,16,16,6,3,2 KO 0 Sub 1 Dec,3,2 KO 0 Sub 1 Dec,-3,3,1,9,2505,2728,2620,2022-12-10,W - Steven Koslow,2025-04-26,L - Malcolm Wellmaker,NA,NA
Anshul Jubli,1995-01-13,FALSE,TRUE,FALSE,FALSE,FALSE,FALSE,FALSE,NA,India,male,lightweight,16,NA,16,NA,16,16,3,1,1 KO 0 Sub 0 Dec,2,2 KO 0 Sub 0 Dec,-2,1,1,9.3,2503,2724,2625,2023-02-04,W - Jeka Saragih,2025-02-08,L - Quillan Salkilld,NA,NA
Andre Petroski,1991-06-12,TRUE,FALSE,FALSE,FALSE,FALSE,FALSE,FALSE,NA,United States,male,middleweight,16,NA,16,NA,16,16,13,8,1 KO 2 Sub 5 Dec,5,4 KO 0 Sub 1 Dec,-3,5,0,8.5,2503,2918,2642,2021-08-28,W - Micheal Gillmore,2026-05-16,L - Cody Brundage,NA,NA
Leon Shahbazyan,1995-11-18,FALSE,FALSE,TRUE,FALSE,FALSE,FALSE,FALSE,NA,"Armenia, United States",male,welterweight,16,NA,16,NA,16,16,1,0,0 KO 0 Sub 0 Dec,1,1 KO 0 Sub 0 Dec,-1,-1,0,10,2500,2500,2865,2026-06-20,L - Levan Chokheli,2026-06-20,L - Levan Chokheli,NA,NA
Nora Cornolle,1989-12-06,FALSE,FALSE,FALSE,FALSE,FALSE,FALSE,FALSE,NA,"Algeria, France",female,women's bantamweight,13,NA,16,NA,12,16,6,3,1 KO 1 Sub 1 Dec,3,0 KO 1 Sub 2 Dec,-2,2,0,10.2,2497,2703,2571,2023-09-02,W - Joselyne Edwards,2026-02-21,L - Joselyne Edwards,NA,NA
Jose Souza,2002-05-23,FALSE,FALSE,TRUE,FALSE,FALSE,FALSE,FALSE,NA,Brazil,male,welterweight,16,NA,16,NA,16,16,1,1,0 KO 0 Sub 1 Dec,0,0 KO 0 Sub 0 Dec,1,1,0,8,2497,2497,2673,2026-05-30,W - Ding Meng,2026-05-30,W - Ding Meng,NA,NA
Shane Collins,2000-03-08,FALSE,FALSE,FALSE,FALSE,FALSE,FALSE,FALSE,NA,United States,male,featherweight,16,NA,16,NA,16,16,1,1,0 KO 0 Sub 1 Dec,0,0 KO 0 Sub 0 Dec,1,1,0,12,2490,2490,2475,2026-06-20,W - Otari Tanzilovi,2026-06-20,W - Otari Tanzilovi,NA,NA
Trevor Peek,1995-01-09,FALSE,FALSE,TRUE,FALSE,FALSE,FALSE,FALSE,NA,United States,male,lightweight,16,NA,16,NA,16,16,5,2,1 KO 0 Sub 1 Dec,3,0 KO 0 Sub 3 Dec,-2,1,1,6.6,2486,2713,2590,2023-02-25,W - Erick Gonzalez,2024-09-07,L - Yanal Ashmouz,NA,NA
Luana Pinheiro,1992-11-18,FALSE,FALSE,TRUE,FALSE,FALSE,FALSE,FALSE,NA,Brazil,female,women's strawweight,16,NA,16,NA,9,16,7,3,0 KO 0 Sub 2 Dec,4,1 KO 1 Sub 2 Dec,-4,3,0,7,2485,2673,2646,2021-05-01,W - Randa Markos,2025-05-17,L - Tecia Pennington,NA,NA
Rafael Tobias,2003-03-20,FALSE,FALSE,TRUE,FALSE,FALSE,FALSE,FALSE,NA,Brazil,male,light heavyweight,16,NA,16,NA,16,16,1,0,0 KO 0 Sub 0 Dec,1,0 KO 0 Sub 1 Dec,-1,-1,0,11,2484,2484,2511,2026-03-07,L - Diyar Nurgozhay,2026-03-07,L - Diyar Nurgozhay,NA,NA
Julien Leblanc,1992-01-21,FALSE,FALSE,FALSE,FALSE,FALSE,FALSE,FALSE,NA,Canada,male,middleweight,16,NA,16,NA,16,16,1,0,0 KO 0 Sub 0 Dec,1,0 KO 1 Sub 0 Dec,-1,-1,0,7,2482,2482,2512,2026-04-18,L - Robert Valentin,2026-04-18,L - Robert Valentin,NA,NA
Junior Tafa,1996-09-21,FALSE,FALSE,FALSE,FALSE,FALSE,FALSE,FALSE,NA,"Australia, Samoa",male,light heavyweight,16,NA,16,NA,16,16,9,3,3 KO 0 Sub 0 Dec,6,2 KO 3 Sub 1 Dec,-1,1,1,6.9,2481,2581,2611,2023-04-22,L - Mohammed Usman,2026-06-06,L - Iwo Baraniewski,NA,NA
Alex Reyes,1986-10-02,FALSE,FALSE,FALSE,FALSE,FALSE,FALSE,FALSE,NA,United States,male,"lightweight, welterweight",16,NA,16,NA,16,16,3,0,0 KO 0 Sub 0 Dec,3,2 KO 0 Sub 1 Dec,-3,-1,0,7.3,2480,2663,2726,2017-09-16,L - Mike Perry,2024-08-17,L - Tom Nolan,NA,NA
Allen Frye Jr.,1998-04-15,FALSE,FALSE,FALSE,FALSE,FALSE,FALSE,FALSE,NA,United States,male,heavyweight,16,NA,16,NA,16,16,1,0,0 KO 0 Sub 0 Dec,1,0 KO 0 Sub 1 Dec,-1,-1,0,11,2479,2479,2531,2025-12-13,L - Guilherme Pat,2025-12-13,L - Guilherme Pat,2026-07-18,Alvin Hines
Michael Aswell Jr.,2000-09-27,FALSE,FALSE,TRUE,FALSE,FALSE,FALSE,FALSE,NA,United States,male,featherweight,16,NA,16,NA,16,16,4,1,1 KO 0 Sub 0 Dec,3,0 KO 0 Sub 3 Dec,-2,1,0,6.2,2478,2658,2652,2025-05-31,L - Bolaji Oki,2026-06-20,L - Gaston Bolanos,NA,NA
Gable Steveson,2000-05-31,FALSE,FALSE,FALSE,FALSE,FALSE,FALSE,FALSE,NA,United States,male,heavyweight,16,NA,16,NA,16,16,0,NA,NA,NA,NA,NA,NA,0,NA,2474,NA,2319,NA,NA,NA,NA,2026-07-11,Elisha Ellison
Daria Zhelezniakova,1996-01-23,FALSE,FALSE,FALSE,FALSE,FALSE,FALSE,FALSE,NA,Russia,female,women's bantamweight,16,NA,16,NA,15,16,4,2,0 KO 0 Sub 2 Dec,2,0 KO 1 Sub 1 Dec,-1,1,0,10,2471,2596,2567,2024-03-23,W - Montserrat Rendon,2026-04-18,L - Melissa Croden,NA,NA
Ibo Aslan,1996-04-23,FALSE,FALSE,TRUE,FALSE,FALSE,FALSE,FALSE,NA,Turkey,male,light heavyweight,16,NA,16,NA,16,16,5,2,2 KO 0 Sub 0 Dec,3,1 KO 1 Sub 1 Dec,-3,2,1,9,2467,2793,2619,2024-03-30,W - Anton Turkalj,2025-12-06,L - Iwo Baraniewski,NA,NA
Sofia Montenegro,1999-06-18,FALSE,FALSE,TRUE,FALSE,FALSE,FALSE,FALSE,NA,Argentina,female,women's flyweight,16,NA,16,NA,16,16,0,NA,NA,NA,NA,NA,NA,NA,NA,2465,NA,NA,NA,NA,NA,NA,NA,NA
Artur Minev,2003-09-27,FALSE,FALSE,FALSE,FALSE,FALSE,FALSE,FALSE,NA,"Bulgaria, Ukraine",male,lightweight,16,NA,16,NA,16,16,1,0,0 KO 0 Sub 0 Dec,1,1 KO 0 Sub 0 Dec,-1,-1,0,8,2457,2457,2627,2026-05-16,L - Thomas Gantt,2026-05-16,L - Thomas Gantt,NA,NA
Toshiomi Kazama,1997-05-15,FALSE,TRUE,FALSE,FALSE,FALSE,FALSE,FALSE,NA,Japan,male,bantamweight,16,NA,16,NA,16,16,4,1,0 KO 1 Sub 0 Dec,3,3 KO 0 Sub 0 Dec,-1,1,1,7.5,2454,2489,2568,2023-02-04,L - Rinya Nakamura,2025-08-09,L - Elijah Smith,NA,NA
Gilbert Urbina,1996-04-05,FALSE,FALSE,FALSE,FALSE,FALSE,FALSE,FALSE,NA,"Mexico, United States",male,"middleweight, welterweight",16,NA,16,NA,16,16,4,1,1 KO 0 Sub 0 Dec,3,2 KO 1 Sub 0 Dec,-2,1,0,6.5,2454,2597,2654,2021-08-28,L - Bryan Battle,2025-08-09,L - Uros Medic,2026-08-01,Vlasto Cepo
Theodor Berggren,2000-04-09,FALSE,FALSE,FALSE,FALSE,FALSE,FALSE,FALSE,NA,Sweden,male,welterweight,16,NA,16,NA,16,16,0,NA,NA,NA,NA,NA,NA,0,NA,2451,NA,2941,NA,NA,NA,NA,2026-06-27,Daniil Donchenko
Juliana Miller,1996-05-07,TRUE,FALSE,FALSE,FALSE,FALSE,FALSE,FALSE,NA,"Brazil, United States",female,women's flyweight,16,NA,16,NA,16,16,5,2,1 KO 0 Sub 1 Dec,3,1 KO 0 Sub 2 Dec,-1,1,0,11.6,2440,2611,2472,2022-08-06,W - Brogan Walker,2026-02-21,L - Carli Judice,2026-08-08,Ravena Oliveira
Jose Montanha,1996-08-25,FALSE,FALSE,FALSE,FALSE,FALSE,FALSE,FALSE,NA,Brazil,NA,,16,NA,16,NA,16,16,0,NA,NA,NA,NA,NA,NA,0,NA,2440,NA,2610,NA,NA,NA,NA,2026-08-08,Louie Sutherland
Yuneisy Duben,1996-07-08,FALSE,FALSE,TRUE,FALSE,FALSE,FALSE,FALSE,NA,Venezuela,female,women's flyweight,16,NA,16,NA,16,16,2,0,0 KO 0 Sub 0 Dec,2,1 KO 0 Sub 1 Dec,-2,-1,0,12,2432,2432,2435,2025-03-15,L - Carli Judice,2026-06-06,L - Jeisla Chaves,NA,NA
Melissa Mullins,1991-07-23,FALSE,FALSE,FALSE,FALSE,FALSE,FALSE,FALSE,NA,"United Kingdom, England",female,women's bantamweight,16,NA,16,NA,15,16,5,2,1 KO 0 Sub 1 Dec,3,1 KO 1 Sub 1 Dec,-2,1,0,9.6,2422,2618,2565,2023-10-14,W - Irina Alekseeva,2026-06-20,L - Bia Mesquita,NA,NA
Yi Sak Lee,2000-01-11,FALSE,FALSE,FALSE,FALSE,FALSE,FALSE,FALSE,NA,South Korea,male,middleweight,16,NA,16,NA,16,16,1,0,0 KO 0 Sub 0 Dec,1,1 KO 0 Sub 0 Dec,-1,-1,0,7,2422,2422,2561,2026-05-30,L - Luis Dias de Assis,2026-05-30,L - Luis Dias de Assis,NA,NA
Josiane Nunes,1993-12-23,FALSE,FALSE,FALSE,FALSE,FALSE,FALSE,FALSE,NA,Brazil,female,"women's bantamweight, women's featherweight",16,NA,16,NA,13,16,6,3,1 KO 0 Sub 2 Dec,3,1 KO 0 Sub 2 Dec,-3,3,1,10,2420,2708,2498,2021-08-21,W - Bea Malecki,2025-03-15,L - Priscila Cachoeira,NA,NA
Ben Johnston,1990-10-11,FALSE,FALSE,FALSE,FALSE,FALSE,FALSE,FALSE,NA,Australia,male,middleweight,16,NA,16,NA,16,16,1,0,0 KO 0 Sub 0 Dec,1,0 KO 1 Sub 0 Dec,-1,-1,0,11,2420,2420,2484,2026-05-02,L - Wes Schultz,2026-05-02,L - Wes Schultz,NA,NA
Karolina Kowalkiewicz,1985-10-15,FALSE,FALSE,FALSE,FALSE,FALSE,FALSE,FALSE,NA,Poland,female,women's strawweight,16,NA,16,NA,2,16,19,9,0 KO 1 Sub 8 Dec,10,2 KO 2 Sub 6 Dec,-3,4,1,5.6,2414,2784,2622,2015-12-19,W - Randa Markos,2025-10-11,L - Julia Polastri,NA,NA
Max Gimenis,1993-04-14,FALSE,FALSE,FALSE,FALSE,FALSE,FALSE,FALSE,NA,Brazil,male,heavyweight,16,NA,16,NA,16,16,1,0,0 KO 0 Sub 0 Dec,1,1 KO 0 Sub 0 Dec,-1,-1,0,9,2407,2407,2485,2025-11-08,L - Josh Hokit,2025-11-08,L - Josh Hokit,2026-08-01,Jovan Leka
Stewart Nicoll,1994-11-03,FALSE,FALSE,FALSE,FALSE,FALSE,FALSE,FALSE,NA,"Australia, Solomon Islands",male,flyweight,16,NA,16,NA,16,16,3,0,0 KO 0 Sub 0 Dec,3,1 KO 1 Sub 1 Dec,-3,-1,0,10,2402,2543,2664,2024-08-17,L - Jesus Aguilar,2026-04-04,L - Alessandro Costa,2026-07-18,Alden Coria
Pete Rodriguez,1996-11-13,FALSE,FALSE,FALSE,FALSE,FALSE,FALSE,FALSE,NA,United States,male,welterweight,16,NA,16,NA,16,16,3,1,1 KO 0 Sub 0 Dec,2,2 KO 0 Sub 0 Dec,-1,1,0,9,2401,2483,2534,2022-01-22,L - Jack Della Maddalena,2024-02-03,L - Themba Gorimbo,NA,NA
Nick Klein,1995-09-08,FALSE,FALSE,TRUE,FALSE,FALSE,FALSE,FALSE,NA,United States,male,middleweight,16,NA,16,NA,16,16,2,0,0 KO 0 Sub 0 Dec,2,2 KO 0 Sub 0 Dec,-2,-1,0,8.5,2398,2490,2615,2025-02-22,L - Mansur Abdul-Malik,2025-08-02,L - Andrey Pulyaev,NA,NA
Mickey Gall,1992-01-22,FALSE,FALSE,FALSE,FALSE,FALSE,FALSE,FALSE,NA,United States,male,welterweight,16,NA,16,NA,16,16,13,6,0 KO 5 Sub 1 Dec,7,3 KO 0 Sub 4 Dec,-4,3,0,7.4,2390,2714,2609,2016-02-06,W - Mike Jackson,2024-11-16,L - Ramiz Brahimaj,NA,NA
Sedriques Dumas,1995-08-06,FALSE,FALSE,TRUE,FALSE,FALSE,FALSE,FALSE,NA,United States,male,middleweight,16,NA,16,NA,16,16,9,3,0 KO 0 Sub 3 Dec,5,2 KO 3 Sub 0 Dec,-2,2,0,9.6,2390,2695,2610,2023-03-11,L - Josh Fremd,2026-04-25,L - Jackson McVey,NA,NA
Puja Tomar,1993-12-05,FALSE,FALSE,FALSE,FALSE,FALSE,FALSE,FALSE,NA,India,female,women's strawweight,16,NA,16,NA,16,16,2,1,0 KO 0 Sub 1 Dec,1,0 KO 1 Sub 0 Dec,-1,1,0,12.5,2390,2506,2482,2024-06-08,W - Rayanne dos Santos,2025-03-22,L - Shauna Bannon,NA,NA
Manolo Zecchini,1996-10-22,FALSE,FALSE,FALSE,FALSE,FALSE,FALSE,FALSE,NA,Italy,male,featherweight,16,NA,16,NA,16,16,2,0,0 KO 0 Sub 0 Dec,2,2 KO 0 Sub 0 Dec,-2,-1,1,5.5,2388,2422,2687,2023-09-02,L - Morgan Charriere,2026-04-04,L - Tommy McMillen,NA,NA
Roberto Romero,2000-01-30,FALSE,FALSE,FALSE,FALSE,FALSE,FALSE,FALSE,NA,Mexico,male,"featherweight, lightweight",16,NA,16,NA,16,16,2,0,0 KO 0 Sub 0 Dec,2,1 KO 0 Sub 1 Dec,-2,-1,0,10.5,2386,2474,2723,2024-11-16,L - David Onama,2025-04-26,L - Timmy Cuamba,NA,NA
Tainara Lisboa,1991-03-02,FALSE,FALSE,FALSE,FALSE,FALSE,FALSE,FALSE,NA,Brazil,female,women's bantamweight,16,NA,16,NA,15,16,4,2,0 KO 1 Sub 1 Dec,2,1 KO 1 Sub 0 Dec,-2,2,0,9.8,2385,2591,2482,2023-05-13,W - Jessica-Rose Clark,2025-10-18,L - Melissa Croden,NA,NA
Angel Pacheco,1992-01-13,FALSE,FALSE,TRUE,FALSE,FALSE,FALSE,FALSE,NA,United States,male,bantamweight,16,NA,16,NA,16,16,2,0,0 KO 0 Sub 0 Dec,2,0 KO 0 Sub 2 Dec,-2,-1,0,9.5,2380,2405,2706,2024-03-30,L - Caolan Loughran,2026-02-28,L - Santiago Luna,NA,NA
Ernesta Kareckaite,1998-07-05,FALSE,FALSE,TRUE,FALSE,FALSE,FALSE,FALSE,NA,Lithuania,female,women's flyweight,16,NA,16,NA,16,16,3,1,0 KO 0 Sub 1 Dec,2,0 KO 0 Sub 2 Dec,-1,1,1,11,2376,2437,2562,2024-05-04,L - Dione Barbosa,2026-02-28,L - Regina Tarin,NA,NA
Ollie Schmid,2000-12-28,FALSE,FALSE,FALSE,FALSE,FALSE,FALSE,FALSE,NA,"Hungary, New Zealand, United States",male,featherweight,16,NA,16,NA,16,16,1,0,0 KO 0 Sub 0 Dec,1,1 KO 0 Sub 0 Dec,-1,-1,0,4,2376,2376,2821,2026-05-02,L - Marwan Rahiki,2026-05-02,L - Marwan Rahiki,NA,NA
Josias Musasa,1998-10-10,FALSE,FALSE,TRUE,FALSE,FALSE,FALSE,FALSE,NA,DR Congo,male,bantamweight,16,NA,16,NA,16,16,2,0,0 KO 0 Sub 0 Dec,2,0 KO 1 Sub 1 Dec,-2,-1,0,9,2374,2483,2535,2025-03-15,L - Carlos Vera,2025-09-28,L - Colby Thicknesse,2026-08-01,Mark Vologdin
Shauna Bannon,1993-10-23,FALSE,FALSE,FALSE,FALSE,FALSE,FALSE,FALSE,NA,Ireland,female,women's strawweight,16,NA,16,NA,16,16,5,2,0 KO 1 Sub 1 Dec,3,0 KO 2 Sub 1 Dec,-2,2,1,13,2367,2565,2520,2023-07-22,L - Bruna Brasil,2026-05-16,L - Nicolle Caliari,NA,NA
Kevin Christian,1995-01-21,FALSE,FALSE,TRUE,FALSE,FALSE,FALSE,FALSE,NA,Brazil,male,light heavyweight,16,NA,16,NA,16,16,2,0,0 KO 0 Sub 0 Dec,2,1 KO 1 Sub 0 Dec,-2,-1,0,7.5,2365,2492,2539,2025-11-01,L - Billy Elekana,2026-05-02,L - Junior Tafa,NA,NA
Jovan Leka,2002-03-15,FALSE,FALSE,TRUE,FALSE,FALSE,FALSE,FALSE,NA,Serbia,male,heavyweight,16,NA,16,NA,16,16,0,NA,NA,NA,NA,NA,NA,0,NA,2365,NA,2407,NA,NA,NA,NA,2026-08-01,Max Gimenis
Saimon Oliveira,1991-04-21,FALSE,FALSE,TRUE,FALSE,FALSE,FALSE,FALSE,NA,Brazil,male,bantamweight,16,NA,16,NA,16,16,4,0,0 KO 0 Sub 0 Dec,4,2 KO 1 Sub 1 Dec,-4,-1,0,10,2360,2498,2693,2022-01-22,L - Tony Gravely,2025-10-11,L - Luan Lacerda,NA,NA
Ricky Turcios,1993-06-05,TRUE,FALSE,TRUE,FALSE,FALSE,FALSE,FALSE,NA,"Philippines, El Salvador, United States",male,"featherweight, bantamweight",16,NA,16,NA,16,16,6,2,0 KO 0 Sub 2 Dec,4,0 KO 2 Sub 2 Dec,-3,1,0,6.5,2357,2738,2563,2021-08-28,W - Brady Hiestand,2026-03-07,L - Alberto Montes,NA,NA
Vanessa Demopoulos,1988-09-22,FALSE,FALSE,TRUE,FALSE,FALSE,FALSE,FALSE,NA,"Greece, United States",female,"women's flyweight, women's strawweight",16,NA,16,NA,16,16,10,5,0 KO 1 Sub 4 Dec,5,0 KO 1 Sub 4 Dec,-3,3,1,10.3,2350,2603,2541,2021-08-28,L - JJ Aldrich,2025-06-14,L - Jamey-Lyn Horth,NA,NA
Marnic Mann,1993-03-05,FALSE,FALSE,TRUE,FALSE,FALSE,FALSE,FALSE,NA,United States,female,women's strawweight,16,NA,16,NA,16,16,2,0,0 KO 0 Sub 0 Dec,2,0 KO 0 Sub 2 Dec,-2,-1,0,10.5,2349,2421,2605,2023-09-16,L - Josefine Knutsson,2024-04-27,L - Ketlen Souza,NA,NA
Otari Tanzilovi,1998-04-09,FALSE,FALSE,TRUE,FALSE,FALSE,FALSE,FALSE,NA,Georgia,male,featherweight,16,NA,16,NA,16,16,1,0,0 KO 0 Sub 0 Dec,1,0 KO 0 Sub 1 Dec,-1,-1,0,12,2343,2343,2358,2026-06-20,L - Shane Collins,2026-06-20,L - Shane Collins,NA,NA
Polyana Viana,1992-06-14,FALSE,FALSE,FALSE,FALSE,FALSE,FALSE,FALSE,NA,Brazil,female,women's strawweight,16,NA,16,NA,15,16,12,4,1 KO 3 Sub 0 Dec,8,1 KO 4 Sub 3 Dec,-4,2,2,8.6,2338,2615,2499,2018-02-03,W - Maia Kahaunaele,2026-05-16,L - Alice Ardelean,NA,NA
Rayanne dos Santos,1995-06-08,FALSE,FALSE,TRUE,FALSE,FALSE,FALSE,FALSE,NA,Brazil,female,women's strawweight,16,NA,16,NA,16,16,3,0,0 KO 0 Sub 0 Dec,3,0 KO 0 Sub 3 Dec,-3,-1,1,11.3,2332,2515,2427,2023-12-09,L - Talita Alencar,2025-05-31,L - Alice Ardelean,NA,NA
Priscila Cachoeira,1988-08-19,FALSE,FALSE,FALSE,FALSE,FALSE,FALSE,FALSE,NA,Brazil,female,women's bantamweight,16,NA,16,NA,16,16,14,5,4 KO 0 Sub 1 Dec,9,1 KO 5 Sub 3 Dec,-3,2,3,9.4,2325,2605,2526,2018-02-03,L - Valentina Shevchenko,2026-06-06,L - Chelsea Chandler,NA,NA
Elisha Ellison,1997-03-05,FALSE,FALSE,FALSE,FALSE,FALSE,FALSE,FALSE,NA,United States,male,heavyweight,16,NA,16,NA,16,16,1,0,0 KO 0 Sub 0 Dec,1,1 KO 0 Sub 0 Dec,-1,-1,0,11,2319,2319,2453,2025-09-28,L - Brando Pericic,2025-09-28,L - Brando Pericic,2026-07-11,Gable Steveson
Montserrat Conejo Ruiz,1993-02-03,FALSE,FALSE,FALSE,FALSE,FALSE,FALSE,FALSE,NA,Mexico,female,women's strawweight,16,NA,16,NA,16,16,5,1,0 KO 0 Sub 1 Dec,4,3 KO 0 Sub 1 Dec,-4,1,0,8.2,2297,2582,2565,2021-03-20,W - Cheyanne Vlismas,2025-11-01,L - Alice Ardelean,NA,NA
Sean Sharaf,1993-07-11,FALSE,FALSE,FALSE,FALSE,FALSE,FALSE,FALSE,NA,United States,male,heavyweight,16,NA,16,NA,16,16,2,0,0 KO 0 Sub 0 Dec,2,2 KO 0 Sub 0 Dec,-2,-1,1,9,2291,2329,2515,2024-10-12,L - Junior Tafa,2025-12-13,L - Steven Asplund,NA,NA
Hailey Cowan,1992-02-12,FALSE,FALSE,TRUE,FALSE,FALSE,FALSE,FALSE,NA,United States,female,women's bantamweight,16,NA,16,NA,16,16,3,0,0 KO 0 Sub 0 Dec,3,1 KO 1 Sub 1 Dec,-3,-1,0,11.3,2284,2402,2572,2023-04-29,L - Jamey-Lyn Horth,2026-04-04,L - Alice Pereira,2026-08-01,Nikolija Milosevic
Ravena Oliveira,1997-02-20,FALSE,FALSE,FALSE,FALSE,FALSE,FALSE,FALSE,NA,Brazil,female,"women's strawweight, women's bantamweight",16,NA,16,NA,16,16,3,0,0 KO 0 Sub 0 Dec,3,1 KO 1 Sub 1 Dec,-3,-1,0,10.3,2273,2406,2479,2023-10-14,L - Tainara Lisboa,2026-03-21,L - Shanelle Dyer,2026-08-08,Juliana Miller
